"additionalInfo/Accessibility/0/Assistive hearing loop","additionalInfo/Accessibility/0/Auracast broadcast audio","additionalInfo/Accessibility/0/Wheelchair accessible entrance","additionalInfo/Accessibility/0/Wheelchair accessible parking lot","additionalInfo/Accessibility/0/Wheelchair accessible restroom","additionalInfo/Accessibility/0/Wheelchair accessible seating","additionalInfo/Accessibility/1/Assistive hearing loop","additionalInfo/Accessibility/1/Auracast broadcast audio","additionalInfo/Accessibility/1/Wheelchair accessible entrance","additionalInfo/Accessibility/1/Wheelchair accessible parking lot","additionalInfo/Accessibility/1/Wheelchair accessible restroom","additionalInfo/Accessibility/1/Wheelchair accessible seating","additionalInfo/Accessibility/2/Assistive hearing loop","additionalInfo/Accessibility/2/Auracast broadcast audio","additionalInfo/Accessibility/2/Wheelchair accessible entrance","additionalInfo/Accessibility/2/Wheelchair accessible parking lot","additionalInfo/Accessibility/2/Wheelchair accessible restroom","additionalInfo/Accessibility/2/Wheelchair accessible seating","additionalInfo/Accessibility/3/Assistive hearing loop","additionalInfo/Accessibility/3/Auracast broadcast audio","additionalInfo/Accessibility/3/Wheelchair accessible entrance","additionalInfo/Accessibility/3/Wheelchair accessible parking lot","additionalInfo/Accessibility/3/Wheelchair accessible restroom","additionalInfo/Accessibility/3/Wheelchair accessible seating","additionalInfo/Accessibility/4/Assistive hearing loop","additionalInfo/Accessibility/4/Auracast broadcast audio","additionalInfo/Accessibility/4/Wheelchair accessible entrance","additionalInfo/Accessibility/4/Wheelchair accessible parking lot","additionalInfo/Accessibility/4/Wheelchair accessible restroom","additionalInfo/Accessibility/4/Wheelchair accessible seating","additionalInfo/Accessibility/5/Assistive hearing loop","additionalInfo/Accessibility/5/Auracast broadcast audio","additionalInfo/Accessibility/5/Wheelchair accessible entrance","additionalInfo/Accessibility/5/Wheelchair accessible parking lot","additionalInfo/Accessibility/5/Wheelchair accessible restroom","additionalInfo/Accessibility/5/Wheelchair accessible seating","additionalInfo/Activities/0/Hiking","additionalInfo/Amenities/0/Cycling lanes","additionalInfo/Amenities/0/Free Wi-Fi","additionalInfo/Amenities/0/Gender-neutral restroom","additionalInfo/Amenities/0/Picnic tables","additionalInfo/Amenities/0/Public restroom","additionalInfo/Amenities/0/Restroom","additionalInfo/Amenities/0/Skateboarding area","additionalInfo/Amenities/0/Slides","additionalInfo/Amenities/0/Swings","additionalInfo/Amenities/0/Volleyball court","additionalInfo/Amenities/0/Wi-Fi","additionalInfo/Amenities/1/Cycling lanes","additionalInfo/Amenities/1/Free Wi-Fi","additionalInfo/Amenities/1/Gender-neutral restroom","additionalInfo/Amenities/1/Picnic tables","additionalInfo/Amenities/1/Public restroom","additionalInfo/Amenities/1/Restroom","additionalInfo/Amenities/1/Skateboarding area","additionalInfo/Amenities/1/Slides","additionalInfo/Amenities/1/Swings","additionalInfo/Amenities/1/Volleyball court","additionalInfo/Amenities/1/Wi-Fi","additionalInfo/Amenities/2/Cycling lanes","additionalInfo/Amenities/2/Free Wi-Fi","additionalInfo/Amenities/2/Gender-neutral restroom","additionalInfo/Amenities/2/Picnic tables","additionalInfo/Amenities/2/Public restroom","additionalInfo/Amenities/2/Restroom","additionalInfo/Amenities/2/Skateboarding area","additionalInfo/Amenities/2/Slides","additionalInfo/Amenities/2/Swings","additionalInfo/Amenities/2/Volleyball court","additionalInfo/Amenities/2/Wi-Fi","additionalInfo/Amenities/3/Cycling lanes","additionalInfo/Amenities/3/Free Wi-Fi","additionalInfo/Amenities/3/Gender-neutral restroom","additionalInfo/Amenities/3/Picnic tables","additionalInfo/Amenities/3/Public restroom","additionalInfo/Amenities/3/Restroom","additionalInfo/Amenities/3/Skateboarding area","additionalInfo/Amenities/3/Slides","additionalInfo/Amenities/3/Swings","additionalInfo/Amenities/3/Volleyball court","additionalInfo/Amenities/3/Wi-Fi","additionalInfo/Amenities/4/Cycling lanes","additionalInfo/Amenities/4/Free Wi-Fi","additionalInfo/Amenities/4/Gender-neutral restroom","additionalInfo/Amenities/4/Picnic tables","additionalInfo/Amenities/4/Public restroom","additionalInfo/Amenities/4/Restroom","additionalInfo/Amenities/4/Skateboarding area","additionalInfo/Amenities/4/Slides","additionalInfo/Amenities/4/Swings","additionalInfo/Amenities/4/Volleyball court","additionalInfo/Amenities/4/Wi-Fi","additionalInfo/Amenities/5/Cycling lanes","additionalInfo/Amenities/5/Free Wi-Fi","additionalInfo/Amenities/5/Gender-neutral restroom","additionalInfo/Amenities/5/Picnic tables","additionalInfo/Amenities/5/Public restroom","additionalInfo/Amenities/5/Restroom","additionalInfo/Amenities/5/Skateboarding area","additionalInfo/Amenities/5/Slides","additionalInfo/Amenities/5/Swings","additionalInfo/Amenities/5/Volleyball court","additionalInfo/Amenities/5/Wi-Fi","additionalInfo/Amenities/6/Cycling lanes","additionalInfo/Amenities/6/Free Wi-Fi","additionalInfo/Amenities/6/Gender-neutral restroom","additionalInfo/Amenities/6/Picnic tables","additionalInfo/Amenities/6/Public restroom","additionalInfo/Amenities/6/Restroom","additionalInfo/Amenities/6/Skateboarding area","additionalInfo/Amenities/6/Slides","additionalInfo/Amenities/6/Swings","additionalInfo/Amenities/6/Volleyball court","additionalInfo/Amenities/6/Wi-Fi","additionalInfo/Amenities/7/Cycling lanes","additionalInfo/Amenities/7/Free Wi-Fi","additionalInfo/Amenities/7/Gender-neutral restroom","additionalInfo/Amenities/7/Picnic tables","additionalInfo/Amenities/7/Public restroom","additionalInfo/Amenities/7/Restroom","additionalInfo/Amenities/7/Skateboarding area","additionalInfo/Amenities/7/Slides","additionalInfo/Amenities/7/Swings","additionalInfo/Amenities/7/Volleyball court","additionalInfo/Amenities/7/Wi-Fi","additionalInfo/Amenities/8/Cycling lanes","additionalInfo/Amenities/8/Free Wi-Fi","additionalInfo/Amenities/8/Gender-neutral restroom","additionalInfo/Amenities/8/Picnic tables","additionalInfo/Amenities/8/Public restroom","additionalInfo/Amenities/8/Restroom","additionalInfo/Amenities/8/Skateboarding area","additionalInfo/Amenities/8/Slides","additionalInfo/Amenities/8/Swings","additionalInfo/Amenities/8/Volleyball court","additionalInfo/Amenities/8/Wi-Fi","additionalInfo/Children/0/Discounts for kids","additionalInfo/Children/0/Family discount","additionalInfo/Children/0/Good for kids","additionalInfo/Children/0/Kid-friendly hikes","additionalInfo/Children/0/Playground","additionalInfo/Children/1/Discounts for kids","additionalInfo/Children/1/Family discount","additionalInfo/Children/1/Good for kids","additionalInfo/Children/1/Kid-friendly hikes","additionalInfo/Children/1/Playground","additionalInfo/Children/2/Discounts for kids","additionalInfo/Children/2/Family discount","additionalInfo/Children/2/Good for kids","additionalInfo/Children/2/Kid-friendly hikes","additionalInfo/Children/2/Playground","additionalInfo/Crowd/0/LGBTQ+ friendly","additionalInfo/Crowd/0/Transgender safespace","additionalInfo/Crowd/1/LGBTQ+ friendly","additionalInfo/Crowd/1/Transgender safespace","additionalInfo/From the business/0/Identifies as women-owned","additionalInfo/Highlights/0/Picnics","additionalInfo/Offerings/0/Grilling","additionalInfo/Parking/0/Free parking garage","additionalInfo/Parking/0/Free parking lot","additionalInfo/Parking/0/Free street parking","additionalInfo/Parking/0/On-site parking","additionalInfo/Parking/0/Paid parking lot","additionalInfo/Parking/1/Free parking garage","additionalInfo/Parking/1/Free parking lot","additionalInfo/Parking/1/Free street parking","additionalInfo/Parking/1/On-site parking","additionalInfo/Parking/1/Paid parking lot","additionalInfo/Parking/2/Free parking garage","additionalInfo/Parking/2/Free parking lot","additionalInfo/Parking/2/Free street parking","additionalInfo/Parking/2/On-site parking","additionalInfo/Parking/2/Paid parking lot","additionalInfo/Parking/3/Free parking garage","additionalInfo/Parking/3/Free parking lot","additionalInfo/Parking/3/Free street parking","additionalInfo/Parking/3/On-site parking","additionalInfo/Parking/3/Paid parking lot","additionalInfo/Payments/0/Credit cards","additionalInfo/Payments/0/Debit cards","additionalInfo/Payments/0/NFC mobile payments","additionalInfo/Payments/1/Credit cards","additionalInfo/Payments/1/Debit cards","additionalInfo/Payments/1/NFC mobile payments","additionalInfo/Payments/2/Credit cards","additionalInfo/Payments/2/Debit cards","additionalInfo/Payments/2/NFC mobile payments","additionalInfo/Pets/0/Dog park","additionalInfo/Pets/0/Dogs allowed","additionalInfo/Pets/1/Dog park","additionalInfo/Pets/1/Dogs allowed","additionalInfo/Planning/0/Quick visit","additionalInfo/Service options/0/Delivery","additionalInfo/Service options/0/In-store pickup","additionalInfo/Service options/0/In-store shopping","additionalInfo/Service options/0/Online classes","additionalInfo/Service options/0/Onsite services","additionalInfo/Service options/1/Delivery","additionalInfo/Service options/1/In-store pickup","additionalInfo/Service options/1/In-store shopping","additionalInfo/Service options/1/Online classes","additionalInfo/Service options/1/Onsite services","additionalInfo/Service options/2/Delivery","additionalInfo/Service options/2/In-store pickup","additionalInfo/Service options/2/In-store shopping","additionalInfo/Service options/2/Online classes","additionalInfo/Service options/2/Onsite services","additionalInfo/Service options/3/Delivery","additionalInfo/Service options/3/In-store pickup","additionalInfo/Service options/3/In-store shopping","additionalInfo/Service options/3/Online classes","additionalInfo/Service options/3/Onsite services","additionalOpeningHours/Bmai sport cầu giấy/0/day","additionalOpeningHours/Bmai sport cầu giấy/0/hours","additionalOpeningHours/Bmai sport cầu giấy/1/day","additionalOpeningHours/Bmai sport cầu giấy/1/hours","additionalOpeningHours/Bmai sport cầu giấy/2/day","additionalOpeningHours/Bmai sport cầu giấy/2/hours","additionalOpeningHours/Bmai sport cầu giấy/3/day","additionalOpeningHours/Bmai sport cầu giấy/3/hours","additionalOpeningHours/Bmai sport cầu giấy/4/day","additionalOpeningHours/Bmai sport cầu giấy/4/hours","additionalOpeningHours/Bmai sport cầu giấy/5/day","additionalOpeningHours/Bmai sport cầu giấy/5/hours","additionalOpeningHours/Bmai sport cầu giấy/6/day","additionalOpeningHours/Bmai sport cầu giấy/6/hours","additionalOpeningHours/Online service hours/0/day","additionalOpeningHours/Online service hours/0/hours","additionalOpeningHours/Online service hours/1/day","additionalOpeningHours/Online service hours/1/hours","additionalOpeningHours/Online service hours/2/day","additionalOpeningHours/Online service hours/2/hours","additionalOpeningHours/Online service hours/3/day","additionalOpeningHours/Online service hours/3/hours","additionalOpeningHours/Online service hours/4/day","additionalOpeningHours/Online service hours/4/hours","additionalOpeningHours/Online service hours/5/day","additionalOpeningHours/Online service hours/5/hours","additionalOpeningHours/Online service hours/6/day","additionalOpeningHours/Online service hours/6/hours","address","businessProfileId","categories/0","categories/1","categories/2","categories/3","categories/4","categories/5","categories/6","categories/7","categories/8","categories/9","categoryName","checkInDate","checkOutDate","cid","city","claimThisBusiness","countryCode","description","fid","floor","googleFoodUrl","hotelDescription","hotelStars","imageUrl","imagesCount","isAdvertisement","kgmid","language","locatedIn","location/lat","location/lng","menu","neighborhood","openingHours/0/day","openingHours/0/hours","openingHours/1/day","openingHours/1/hours","openingHours/2/day","openingHours/2/hours","openingHours/3/day","openingHours/3/hours","openingHours/4/day","openingHours/4/hours","openingHours/5/day","openingHours/5/hours","openingHours/6/day","openingHours/6/hours","ownerDescription","permanentlyClosed","phone","phoneUnformatted","placeId","plusCode","popularTimesLivePercent","popularTimesLiveText","postalCode","price","rank","reserveTableUrl","reviewsCount","reviewsDistribution/fiveStar","reviewsDistribution/fourStar","reviewsDistribution/oneStar","reviewsDistribution/threeStar","reviewsDistribution/twoStar","scrapedAt","searchPageUrl","searchString","servicesLink","state","street","subTitle","temporarilyClosed","title","totalScore","url","wasOpenAtScrapeTime","website"
,,,,,,,,,,,,,,,,,,,,,,,,,,,,,,,,,,,,,,,,,,,,,,,,,,,,,,,,,,,,,,,,,,,,,,,,,,,,,,,,,,,,,,,,,,,,,,,,,,,,,,,,,,,,,,,,,,,,,,,,,,,,,,,,,,,,,,,,,,,,,,,,,,,,,,,,,,,,,,,,,,,,,,,,,,,,,,,,,,,,,,,,,,,,,,,,,,,,,,,,,,,,,,,,,,,,,,,,,,,,,,,,,,,,,,,,,,,,,,,,"86 P. Dương Đình Nghệ, Cầu Giấy, Hà Nội 100000, Vietnam",,"Badminton court",,,,,,,,,,"Badminton court",,,"7310014180151761322","Ha Noi","true","VN",,"0x3135abcfb3742ed9:0x6572632aaf0399aa",,,,,"https://lh3.googleusercontent.com/gps-cs-s/AHRPTWkDjJDHSKTg4XKWNMrALrEAK70Y5TxWkTIPSCvR4Oy58M1Kq6iV-OsgEchIRyqmGoAyDnpi9Mu7x6kf52yPCyHUxq-WbSCLKKl5AIXe9wAvZFnoob1R991hz4SX2ceZ5cPTkxxb=w408-h544-k-no","24","false","/g/11l2hw3kk3","en",,"21.0243843","105.7911242",,"Cau Giay","Monday","5 AM to 12 AM","Tuesday","5 AM to 12 AM","Wednesday","5 AM to 12 AM","Thursday","5 AM to 12 AM","Friday","5 AM to 12 AM","Saturday","5 AM to 12 AM","Sunday","5 AM to 12 AM",,"false","+84 365 815 699","+84365815699","ChIJ2S50s8-rNTERqpkDrypjcmU",,,,"100000",,"1",,"52","20","7","18","6","1","2026-10-05T19:56:27.577Z","https://www.google.com/maps/search/s%C3%A2n%20c%E1%BA%A7u%20l%C3%B4ng%20c%E1%BA%A7u%20gi%E1%BA%A5y%20h%C3%A0%20n%E1%BB%99i/@9.115277287122263,113.50703962201229,12z?hl=en","sân cầu lông cầu giấy hà nội",,"Cau Giay, Ha Noi","86 P. Dương Đình Nghệ",,"false","Sân cầu lông Minh Toàn","3.2","https://www.google.com/maps/search/?api=1&query=S%C3%A2n%20c%E1%BA%A7u%20l%C3%B4ng%20Minh%20To%C3%A0n&query_place_id=ChIJ2S50s8-rNTERqpkDrypjcmU","false",
"true",,,,,,,,"true",,,,,,,"true",,,,,,,"true",,,,,,,"true",,,,,,,,,,,,,,,,,,,,,,,,,,,,,,,,,,,,,,,,,,,,,,,,,,,,,,,,,,,,,,,,,,,,,,,,,,,,,,,,,,,,,,,,,,,,,,,,,,,,,,,,,,,,,,,,,,,,,,,,,,,,,,,,,,,,,,,,,,,,,,,,,,,,,,,,,,,,,,,,,,,,,,,,,,,,,,,,,,,,,,,"Monday","9 AM–9 PM","Tuesday","9 AM–9 PM","Wednesday","9 AM–9 PM","Thursday","9 AM–9 PM","Friday","9 AM–9 PM","Saturday","9 AM–9 PM","Sunday","9 AM–9 PM",,,,,,,,,,,,,,,"P. Trần Quý Kiên/35 P. Dịch Vọng, Cầu Giấy, Hà Nội, Vietnam","6312471637521640483","Sports complex",,,,,,,,,,"Sports complex",,,"8658075444224604048","Ha Noi","false","VN",,"0x3135ab37d1db3d6d:0x7827a9be7b8a3790",,,,,"https://lh3.googleusercontent.com/gps-cs-s/AHRPTWlRws9R-AxSfYnqvhurEd_kNJBEt7wg4D1HqAWVOMrHi7WGKD-w3SmeqlvPc0dN3OeNoaUPU9Mp8Tz3lFC6SUUjwe5Rlzg6t8XZ-yWVauR7UELOMVcUV9m7PNyXQo7xQn9AHvwEPA=w408-h306-k-no","2159","false","/g/1trxb57w","en","Bmai sport cầu giấy","21.036978","105.7916615",,"Cau Giay","Monday","5 AM to 11 PM","Tuesday","5 AM to 11 PM","Wednesday","5 AM to 11 PM","Thursday","5 AM to 11 PM","Friday","5 AM to 11 PM","Saturday","5 AM to 11 PM","Sunday","5 AM to 11 PM",,"false","+84 972 272 112","+84972272112","ChIJbT3b0TerNTERkDeKe76pJ3g",,,,,,"2",,"855","425","232","24","141","33","2026-10-05T19:56:27.578Z","https://www.google.com/maps/search/s%C3%A2n%20c%E1%BA%A7u%20l%C3%B4ng%20c%E1%BA%A7u%20gi%E1%BA%A5y%20h%C3%A0%20n%E1%BB%99i/@9.115277287122263,113.50703962201229,12z?hl=en","sân cầu lông cầu giấy hà nội",,"Cau Giay, Ha Noi","P. Trần Quý Kiên/35 P. Dịch Vọng","Nhà Thi Đấu Cầu Giấy","false","Cau Giay Gymnasium","4.2","https://www.google.com/maps/search/?api=1&query=Cau%20Giay%20Gymnasium&query_place_id=ChIJbT3b0TerNTERkDeKe76pJ3g","false",
,,,,,,,,,,,,,,,,,,,,,,,,,,,,,,,,,,,,,,,,,,,,,,,,,,,,,,,,,,,,,,,,,,,,,,,,,,,,,,,,,,,,,,,,,,,,,,,,,,,,,,,,,,,,,,,,,,,,,,,,,,,,,,,,,,,,,,,,,,,,,,,,,,,,,,,,,,,,,,,,,,,,,,,,,,,,,,,,,,,,,,,,,,,,,,,,,,,,,,,,,,,,,,,,,,,,,,,,,,,,,,,,,,,,,,,,,,,,,,,,"1 Tôn Thất Thuyết, Cầu Giấy, Hà Nội, Vietnam",,"Badminton court",,,,,,,,,,"Badminton court",,,"13039215508482578450","Ha Noi","true","VN",,"0x3135ab0079757f2f:0xb4f4996b94de5812",,,,,"https://lh3.googleusercontent.com/gps-cs-s/AHRPTWlBs19H2LeIqg6WHP4uLcRly8aTwg-iHa2B4F_CtpDkWF_mEa1q3fWbf9Ks3fZV6i6SmWISZ1AkHmUNp5nVKJDZI5Qql_KQV-21XPcY9t-h1ZN8_4UoXtEBf1etgJrs2u2HHmr3=w408-h307-k-no","23","false","/g/11x7mcbpc0","en",,"21.0262839","105.7871077",,"Cau Giay","Monday","Open 24 hours","Tuesday","Open 24 hours","Wednesday","Open 24 hours","Thursday","Open 24 hours","Friday","Open 24 hours","Saturday","Open 24 hours","Sunday","Open 24 hours",,"false","+84 342 297 198","+84342297198","ChIJL391eQCrNTEREljelGuZ9LQ",,,,,,"3",,"36","14","7","10","3","2","2026-10-05T19:56:27.578Z","https://www.google.com/maps/search/s%C3%A2n%20c%E1%BA%A7u%20l%C3%B4ng%20c%E1%BA%A7u%20gi%E1%BA%A5y%20h%C3%A0%20n%E1%BB%99i/@9.115277287122263,113.50703962201229,12z?hl=en","sân cầu lông cầu giấy hà nội",,"Cau Giay, Ha Noi","1 Tôn Thất Thuyết",,"false","Sân Cầu Lông TVC","3.4","https://www.google.com/maps/search/?api=1&query=S%C3%A2n%20C%E1%BA%A7u%20L%C3%B4ng%20TVC&query_place_id=ChIJL391eQCrNTEREljelGuZ9LQ","true",
,,,,,,,,,,,,,,,,,,,,,,,,,,,,,,,,,,,,,,,,,,,,,,,,,,,,,,,,,,,,,,,,,,,,,,,,,,,,,,,,,,,,,,,,,,,,,,,,,,,,,,,,,,,,,,,,,,,,,,,,,,,,,,,,,,,,,,,,,,,,,,,,,,,,,,,,,,,,,,,,,,,,,,,,,,,,,,,,,,,,,,,,,,,,,,,,,,,,,,,,,,,,,,,,,,,,,,,,,,,,,,,,,,,,,,,,,,,,,,,,"8 Ng. 118 Đ. Nguyễn Khánh Toàn, Nghĩa Đô, Hà Nội 100000, Vietnam","17942436693905356957","Badminton court","Badminton club","Badminton complex","Coaching center","Event venue","Sports club","Sports complex","Sports school",,,"Badminton court",,,"2200808489009987113","Ha Noi","false","VN",,"0x3135abe19ce275c9:0x1e8ad7a90e1abe29",,,,,"https://lh3.googleusercontent.com/gps-cs-s/AHRPTWnXxfcYeHH1UnbJlJiwyKazA6ajIi3CaiBWX2Ag0YIahE5Mr4ERPRK1-s3LkvYzasSG6jb6EtErXLIKrvW0UsiAoKH5ls-Iin_UuN0bpwT76p85vS3i5e71vnNgb8OM8m4YmRxG41mr79_j=w408-h306-k-no","43","false","/g/11fspqfbnm","en",,"21.0385675","105.8016929",,"Nghia Do","Monday","5 AM to 11:30 PM","Tuesday","5 AM to 11:30 PM","Wednesday","5 AM to 11:30 PM","Thursday","5 AM to 11:30 PM","Friday","5 AM to 11:30 PM","Saturday","5 AM to 11:30 PM","Sunday","5 AM to 11:30 PM",,"false","+84 972 914 307","+84972914307","ChIJyXXinOGrNTERKb4aDqnXih4",,,,"100000",,"4",,"27","20","2","5","0","0","2026-10-05T19:56:27.579Z","https://www.google.com/maps/search/s%C3%A2n%20c%E1%BA%A7u%20l%C3%B4ng%20c%E1%BA%A7u%20gi%E1%BA%A5y%20h%C3%A0%20n%E1%BB%99i/@9.115277287122263,113.50703962201229,12z?hl=en","sân cầu lông cầu giấy hà nội",,"Nghia Do, Ha Noi","8 Ng. 118 Đ. Nguyễn Khánh Toàn","Sân Cầu Lông Swin THPT Cầu Giấy","false","베드민턴 Duy Hung Badminton & Table Tennis center","4.2","https://www.google.com/maps/search/?api=1&query=%EB%B2%A0%EB%93%9C%EB%AF%BC%ED%84%B4%20Duy%20Hung%20Badminton%20%26%20Table%20Tennis%20center&query_place_id=ChIJyXXinOGrNTERKb4aDqnXih4","false","https://datlich.alobo.vn/san/sport_swin_badminton_118_nguyen_khanh_toan"
,,,,,,,,,,,,,,,,,,,,,,,,,,,,,,,,,,,,,,,,,,,,,,,,,,,,,,,,,,,,,,,,,,,,,,,,,,,,,,,,,,,,,,,,,,,,,,,,,,,,,,,,,,,,,,,,,,,,,,,,,,,,,,,,,,,,,,,,,,,,,,,,,,,,,,,,,,,,,,,,,,,,,,,,,,,,,,,,,,,,,,,,,,,,,,,,,,,,,,,,,,,,,,,,,,,,,,,,,,,,,,,,,,,,,,,,,,,,,,,,"235 Hoàng Quốc Việt, Khu tập thể Nghĩa Tân, Nghĩa Đô, Hà Nội, Vietnam",,"Sports club",,,,,,,,,,"Sports club",,,"5980601378511150407","Ha Noi","true","VN",,"0x3135abfade7ab1b3:0x52ff5d44655e5d47",,,,,,"0","false","/g/11tff72dw5","en",,"21.0469079","105.7858324",,"Khu tập thể Nghĩa Tân, Nghia Do",,,,,,,,,,,,,,,,"false","","","ChIJs7F63vqrNTERR11eZURd_1I",,,,,,"5",,"3","2","1","0","0","0","2026-10-05T19:56:27.579Z","https://www.google.com/maps/search/s%C3%A2n%20c%E1%BA%A7u%20l%C3%B4ng%20c%E1%BA%A7u%20gi%E1%BA%A5y%20h%C3%A0%20n%E1%BB%99i/@9.115277287122263,113.50703962201229,12z?hl=en","sân cầu lông cầu giấy hà nội",,"Nghia Do, Ha Noi","235 Hoàng Quốc Việt","Toà G","false","Sân cầu lông điện lực","4.7","https://www.google.com/maps/search/?api=1&query=S%C3%A2n%20c%E1%BA%A7u%20l%C3%B4ng%20%C4%91i%E1%BB%87n%20l%E1%BB%B1c&query_place_id=ChIJs7F63vqrNTERR11eZURd_1I",,
,,,,,,,,,,,,,,,,,,,,,,,,,,,,,,,,,,,,,,,,,,,,,,,,,,,,,,,,,,,,,,,,,,,,,,,,,,,,,,,,,,,,,,,,,,,,,,,,,,,,,,,,,,,,,,,,,,,,,,,,,,,,,,,,,,,,,,,,,,,,,,,,,,,,,,,,,,,,,,,,,,,,,,,,,,,,,,,,,,,,,,,,,,,,,,,,,,,,,,,,,,,,,,,,,,,,,,,,,,,,,,,,,,,,,,,,,,,,,,,,"123 P. Hoàng Ngân, Yên Hòa, Hà Nội, Vietnam",,"Badminton court",,,,,,,,,,"Badminton court",,,"15412093456258853859","Ha Noi","true","VN",,"0x3135ac9f99022bc5:0xd5e2c157796e6be3",,,,,"https://lh3.googleusercontent.com/gps-cs-s/AHRPTWkqOLFMA2DLHRU70xoxoFTo6Qap1a_2UdYgWDx0KHcexpVy4sk0CKMG4Xaf-FlBk50dG6Fo491HOKtuZ-JqRwgfDh0bxEoNzViT_qnWtdBtZcX37yE83iMi-nGxm4N79BGrstx8AoRbHB8=w518-h240-k-no","7","false","/g/1jkw1b7gl","en",,"21.0091389","105.8064224",,"Yen Hoa",,,,,,,,,,,,,,,,"false","","","ChIJxSsCmZ-sNTER42tueVfB4tU",,,,,,"6",,"10","4","2","0","4","0","2026-10-05T19:56:27.579Z","https://www.google.com/maps/search/s%C3%A2n%20c%E1%BA%A7u%20l%C3%B4ng%20c%E1%BA%A7u%20gi%E1%BA%A5y%20h%C3%A0%20n%E1%BB%99i/@9.115277287122263,113.50703962201229,12z?hl=en","sân cầu lông cầu giấy hà nội",,"Yen Hoa, Ha Noi","123 P. Hoàng Ngân",,"false","Câu Lạc Bộ Tennis - Cầu Lông","4","https://www.google.com/maps/search/?api=1&query=C%C3%A2u%20L%E1%BA%A1c%20B%E1%BB%99%20Tennis%20-%20C%E1%BA%A7u%20L%C3%B4ng&query_place_id=ChIJxSsCmZ-sNTER42tueVfB4tU",,
,,,,,,,,,,,,,,,,,,,,,,,,,,,,,,,,,,,,,,,,,,,,,,,,,,,,,,,,,,,,,,,,,,,,,,,,,,,,,,,,,,,,,,,,,,,,,,,,,,,,,,,,,,,,,,,,,,,,,,,,,,,,,,,,,,,,,,,,,,,,,,,,,,,,,,,,,,,,,,,,,,,,,,,,,,,,,,,,,,,,,,,,,,,,,,,,,,,,,,,,,,,,,,,,,,,,,,,,,,,,,,,,,,,,,,,,,,,,,,,,"cổng, 136, Đ. Xuân Thủy/2 Trường ĐH Sư Phạm Hà Nội, Cầu Giấy, Hà Nội 11300, Vietnam","17729123277166081669","Badminton court","Badminton club","Sports complex","Event management company","Event planner","Event technology service","Event venue","Sports club","Table tennis club","Table tennis facility","Badminton court",,,"8428139427955559400","Ha Noi","false","VN",,"0x3135ab4c57202d2f:0x74f6c427d0c14be8",,,,,"https://lh3.googleusercontent.com/gps-cs-s/AHRPTWmdaXuX0oBBAdm1cs6sjqGZV4_Pk5NtMcWCoXo-iY-ofvA6aNGraVIUS0BntqpBAhTAS23edSklOq_QgGrNCOuhCenvpwfjUvDbTcmErgTJizNzNc7RfrKzVIsLlDLz8ZQrzZ9X=w426-h240-k-no","223","false","/g/11l96mf5_k","en",,"21.0385735","105.7846101",,"Cau Giay","Monday","5 AM to 10 PM","Tuesday","5 AM to 10 PM","Wednesday","5 AM to 10 PM","Thursday","5 AM to 10 PM","Friday","5 AM to 10 PM","Saturday","5 AM to 10 PM","Sunday","5 AM to 10 PM",,"false","","","ChIJLy0gV0yrNTER6EvB0CfE9nQ",,,,"11300",,"7",,"150","96","35","2","15","2","2026-10-05T19:56:27.579Z","https://www.google.com/maps/search/s%C3%A2n%20c%E1%BA%A7u%20l%C3%B4ng%20c%E1%BA%A7u%20gi%E1%BA%A5y%20h%C3%A0%20n%E1%BB%99i/@9.115277287122263,113.50703962201229,12z?hl=en","sân cầu lông cầu giấy hà nội",,"Cau Giay, Ha Noi","cổng, 136, Đ. Xuân Thủy/2 Trường ĐH Sư Phạm Hà Nội",,"false","Nhà Thi Đấu Đại Học Sư Phạm Hà Nội","4.5","https://www.google.com/maps/search/?api=1&query=Nh%C3%A0%20Thi%20%C4%90%E1%BA%A5u%20%C4%90%E1%BA%A1i%20H%E1%BB%8Dc%20S%C6%B0%20Ph%E1%BA%A1m%20H%C3%A0%20N%E1%BB%99i&query_place_id=ChIJLy0gV0yrNTER6EvB0CfE9nQ","false","http://duyhungsport.com/"
,,,,,,,,,,,,,,,,,,,,,,,,,,,,,,,,,,,,,,,,,,,,,,,,,,,,,,,,,,,,,,,,,,,,,,,,,,,,,,,,,,,,,,,,,,,,,,,,,,,,,,,,,,,,,,,,,,,,,,,,,,,,,,,,,,,,,,,,,,,,,,,,,,,,,,,,,,,,,,,,,,,,,,,,,,,,,,,,,,,,,,,,,,,,,,,,,,,,,,,,,,,,,,,,,,,,,,,,,,,,,,,,,,,,,,,,,,,,,,,,"Phố P. Trương Công Giai, Cầu Giấy, Hà Nội, Vietnam",,"Tennis court",,,,,,,,,,"Tennis court",,,"11634046687538008746","Ha Noi","true","VN",,"0x3135abbab5592bd9:0xa1746fd28f0352aa",,,,,"https://streetviewpixels-pa.googleapis.com/v1/thumbnail?panoid=KAlJcIyPVuRwFLM3D7nZbg&cb_client=search.gws-prod.gps&w=408&h=240&yaw=262.37936&pitch=0&thumbfov=100","2","false","/g/11hztm56t1","en",,"21.0279692","105.7882893",,"Cau Giay",,,,,,,,,,,,,,,,"true","","","ChIJ2StZtbqrNTERqlIDj9JvdKE",,,,,,"8",,"1","0","1","0","0","0","2026-10-05T19:56:27.579Z","https://www.google.com/maps/search/s%C3%A2n%20c%E1%BA%A7u%20l%C3%B4ng%20c%E1%BA%A7u%20gi%E1%BA%A5y%20h%C3%A0%20n%E1%BB%99i/@9.115277287122263,113.50703962201229,12z?hl=en","sân cầu lông cầu giấy hà nội",,"Cau Giay, Ha Noi","Phố P. Trương Công Giai",,"false","Sân cầu giấy","4","https://www.google.com/maps/search/?api=1&query=S%C3%A2n%20c%E1%BA%A7u%20gi%E1%BA%A5y&query_place_id=ChIJ2StZtbqrNTERqlIDj9JvdKE","false",
,,,,,,,,,,,,,,,,,,,,,,,,,,,,,,,,,,,,,,,,,,,,,,,,,,,,,,,,,,,,,,,,,,,,,,,,,,,,,,,,,,,,,,,,,,,,,,,,,,,,,,,,,,,,,,,,,,,,,,,,,,,,,,,,,,,,,,,,,,,,,,,,,,,,,,,,,,,,,,,,,,,,,,,,,,,,,,,,,,,,,,,,,,,,,,,,,,,,,,,,,,,,,,,,,,,,,,,,,,,,,,,,,,,,,,,,,,,,,,,,"2PVQ+R46, Đ. CN4, Xuân Phương, Hà Nội, Vietnam","5559505927514662646","Sports club",,,,,,,,,,"Sports club",,,"7584663817994202722","Ha Noi","false","VN",,"0x31345500735adc3f:0x6942238ea44d6e62",,,,,"https://lh3.googleusercontent.com/grass-cs/ACvplmOxY3P4anVJX3FwsjdJPzB7dVq_5ixzKHXnohmuRRt5qxDGV_r8CsiIgoLMMDp5KgOXIX74YNv05wItXhfKbnIjN6iJlpW1oyiQ2QPIpfjYfl4d6hTLUpVgM7xpYb406VfvEGvw7bTlMYfb=w408-h306-k-no","18","false","/g/11zxqgy3mj","en",,"21.0445611","105.7377276",,"Xuan Phuong","Monday","Open 24 hours","Tuesday","Open 24 hours","Wednesday","Open 24 hours","Thursday","Open 24 hours","Friday","Open 24 hours","Saturday","Open 24 hours","Sunday","Open 24 hours",,"false","+84 359 210 703","+84359210703","ChIJP9xacwBVNDERYm5NpI4jQmk",,,,,,"5",,"12","6","0","6","0","0","2026-10-05T19:56:34.456Z","https://www.google.com/maps/search/s%C3%A2n%20c%E1%BA%A7u%20l%C3%B4ng%20c%E1%BA%A7u%20gi%E1%BA%A5y%20h%C3%A0%20n%E1%BB%99i/@20.200372517806436,107.65898203542255,13z?hl=en","sân cầu lông cầu giấy hà nội",,"Xuan Phuong, Ha Noi","2PVQ+R46, Đ. CN4",,"false","Sân Cầu Lông Bò Badminton","3","https://www.google.com/maps/search/?api=1&query=S%C3%A2n%20C%E1%BA%A7u%20L%C3%B4ng%20B%C3%B2%20Badminton&query_place_id=ChIJP9xacwBVNDERYm5NpI4jQmk","true",
,,,,,,,,,,,,,,,,,,,,,,,,,,,,,,,,,,,,,,,"true",,,,,,,,,,,,,,,,,,,,,,,,,,,,,,,,,,,,,,,,,,,,,,,,,,,,,,,,,,,,,,,,,,,,,,,,,,,,,,,,,,,,,,,,,,,,,,,,,,,,,,,,,,,,,,,,"true",,,"true",,,,,,,,,,,,,,,,,,,,,,,,,,,,,,,,,,,,,,,,,"true",,,,,,"true",,,,,,,,,,,,,,,,,,,,,,,,,,,,,,,,,,,,,,,"35 P. Trần Quý Kiên, Cầu Giấy, Hà Nội 10000, Vietnam","12547143178469858745","Coaching center",,,,,,,,,,"Coaching center",,,"7077364659355269089","Ha Noi","false","VN",,"0x3135ab2f680004d7:0x6237d9a902c637e1",,,,,"https://lh3.googleusercontent.com/grass-cs/ACvplmMaXTeMSw5vMVFFQOT-LmROC4qFLDZOdaodatenKTVopJMdIwUGmxLRc6pb6nimYf50FEul2hskmqhA7FZLouhAAz4HAVxnimxRTclJseKEVimlXyJixNZ9xHxxWfWNC7doZ0in=w426-h240-k-no","11","false","/g/11sz2w904r","en",,"21.0370065","105.7916286",,"Cau Giay","Monday","Open 24 hours","Tuesday","Open 24 hours","Wednesday","Open 24 hours","Thursday","Open 24 hours","Friday","Open 24 hours","Saturday","Open 24 hours","Sunday","Open 24 hours",,"false","+84 915 154 565","+84915154565","ChIJ1wQAaC-rNTER4TfGAqnZN2I",,,,"10000",,"8",,"6","6","0","0","0","0","2026-10-05T19:56:34.456Z","https://www.google.com/maps/search/s%C3%A2n%20c%E1%BA%A7u%20l%C3%B4ng%20c%E1%BA%A7u%20gi%E1%BA%A5y%20h%C3%A0%20n%E1%BB%99i/@20.200372517806436,107.65898203542255,13z?hl=en","sân cầu lông cầu giấy hà nội",,"Cau Giay, Ha Noi","35 P. Trần Quý Kiên",,"false","Lớp học cầu lông tại Cầu Giấy, Hà Nội","5","https://www.google.com/maps/search/?api=1&query=L%E1%BB%9Bp%20h%E1%BB%8Dc%20c%E1%BA%A7u%20l%C3%B4ng%20t%E1%BA%A1i%20C%E1%BA%A7u%20Gi%E1%BA%A5y%2C%20H%C3%A0%20N%E1%BB%99i&query_place_id=ChIJ1wQAaC-rNTER4TfGAqnZN2I","true",
,,,,,,,,,,,,,,,,,,,,,,,,,,,,,,,,,,,,,,,,,,,,,,,,,,,,,,,,,,,,,,,,,,,,,,,,,,,,,,,,,,,,,,,,,,,,,,,,,,,,,,,,,,,,,,,,,,,,,,,,,,,,,,,,,,,,,,,,,,,,,,,,,,,,,,,,,,,,,,,,,,,,,,,,,,,,,,,,,,,,,,,,,,,,,,,,,,,,,,,,,,,,,,,,,,,,,,,,,,,,,,,,,,,,,,,,,,,,,,,,"Lô 2 Cụm Công Nghiệp, Lai Xá, Tây Tựu, Hà Nội 100000, Vietnam","1450427990278256433","Badminton court",,,,,,,,,,"Badminton court",,,"12294047280252595990","Ha Noi","false","VN",,"0x31345564fbbe4259:0xaa9d3add5f502f16",,,,,"https://lh3.googleusercontent.com/grass-cs/ACvplmPo3D7_Smv1JWJsowW9POckkZN7te0W51WPP2RBTd0TYppjzoTcflT0n53SmfTLgb-K4kXe7M7KZYN2rKS52INxq8KPZNrfOGlQIqZxChnhnB9vuI3S0WNERS7Pb9HsXL200IkAIsAk6HDS=w408-h544-k-no","54","false","/g/11yzrpxg6n","en",,"21.0604522","105.7265294",,"Lai Xá, Tay Tuu","Monday","Open 24 hours","Tuesday","Open 24 hours","Wednesday","Open 24 hours","Thursday","Open 24 hours","Friday","Open 24 hours","Saturday","Open 24 hours","Sunday","Open 24 hours",,"false","+84 977 219 477","+84977219477","ChIJWUK--2RVNDERFi9QX906nao",,,,"100000",,"8",,"125","110","3","9","2","1","2026-10-05T19:56:47.207Z","https://www.google.com/maps/search/s%C3%A2n%20c%E1%BA%A7u%20l%C3%B4ng%20c%E1%BA%A7u%20gi%E1%BA%A5y%20h%C3%A0%20n%E1%BB%99i/@22.853085942826876,102.84699196234202,9z?hl=en","sân cầu lông cầu giấy hà nội",,"Tay Tuu, Ha Noi","Lô 2 Cụm Công Nghiệp",,"false","Sân cầu lông TTBC Lai Xá","4.6","https://www.google.com/maps/search/?api=1&query=S%C3%A2n%20c%E1%BA%A7u%20l%C3%B4ng%20TTBC%20Lai%20X%C3%A1&query_place_id=ChIJWUK--2RVNDERFi9QX906nao","true","http://lopdaycaulongmydinh.com/"
,,,,,,,,,,,,,,,,,,,,,,,,,,,,,,,,,,,,,,,,,,,,,,,,,,,,,,,,,,,,,,,,,,,,,,,,,,,,,,,,,,,,,,,,,,,,,,,,,,,,,,,,,,,,,,,,,,,,,,,,,,,,,,,,,,,,,,,,,,,,,,,,,,,,,,,,,,,,,,,,,,,,,,,,,,,,,,,,,,,,,,,,,,,,,,,,,,,,,,,,,,,,,,,,,,,,,,,,,,,,,,,,,,,,,,,,,,,,,,,,"8 P. Dương Đình Nghệ, Yên Hòa, Hà Nội 130020, Vietnam","3505336745609519319","Badminton court",,,,,,,,,,"Badminton court",,,"5155792067678108924","Ha Noi","false","VN",,"0x3135abc3ffcc3989:0x478d0d91a9bafcfc",,,,,"https://streetviewpixels-pa.googleapis.com/v1/thumbnail?panoid=q479zzo3bm7_wxTGlxzSew&cb_client=search.gws-prod.grass&w=408&h=240&yaw=277.36353&pitch=0&thumbfov=100","2","false","/g/11yhvrvtc1","en",,"21.0234879","105.7917433",,"Yen Hoa","Monday","Open 24 hours","Tuesday","Open 24 hours","Wednesday","Open 24 hours","Thursday","Open 24 hours","Friday","Open 24 hours","Saturday","Open 24 hours","Sunday","Open 24 hours",,"false","+84 399 948 961","+84399948961","ChIJiTnM_8OrNTER_Py6qZENjUc",,,,"130020",,"10",,"3","2","0","0","1","0","2026-10-05T19:56:47.207Z","https://www.google.com/maps/search/s%C3%A2n%20c%E1%BA%A7u%20l%C3%B4ng%20c%E1%BA%A7u%20gi%E1%BA%A5y%20h%C3%A0%20n%E1%BB%99i/@22.853085942826876,102.84699196234202,9z?hl=en","sân cầu lông cầu giấy hà nội",,"Yen Hoa, Ha Noi","8 P. Dương Đình Nghệ",,"false","Sân cầu lông Dương Đình Nghệ","4.3","https://www.google.com/maps/search/?api=1&query=S%C3%A2n%20c%C3%A2%CC%80u%20l%C3%B4ng%20D%C6%B0%C6%A1ng%20%C4%90i%CC%80nh%20Ngh%C3%AA%CC%A3&query_place_id=ChIJiTnM_8OrNTER_Py6qZENjUc","true",
,,,,,,,,,,,,,,,,,,,,,,,,,,,,,,,,,,,,,,,,,,,,,,,,,,,,,,,,,,,,,,,,,,,,,,,,,,,,,,,,,,,,,,,,,,,,,,,,,,,,,,,,,,,,,,,,,,,,,,,,,,,,,,,,,,,,,,,,,,,,,,,,,,,,,,,,,,,,,,,,,,,,,,,,,,,,,,,,,,,,,,,,,,,,,,,,,,,,,,,,,,,,,,,,,,,,,,,,,,,,,,,,,,,,,,,,,,,,,,,,"948 Đ. Quang Trung, Ba La, Yên Nghĩa, Hà Nội 100000, Vietnam",,"Badminton court",,,,,,,,,,"Badminton court",,,"4977916345396398025","Ha Noi","true","VN",,"0x313453952c71b5e7:0x45151c8ac0f687c9",,,,,"https://lh3.googleusercontent.com/gps-cs-s/AHRPTWl72-_TzhEXF1oVAR268SE1DrweqA-hfBFxq1_TRKnDJ5FpByKPxisIg9tQg9MFMHqIEikGSEVBlUifos_kF3qPQ0syXvBL3EEx8SWI01p-qiNc1bevzIG8ua2LUxQ4uNEMnSMO=w408-h306-k-no","6","false","/g/11ks2l2_wf","en",,"20.9544864","105.750913",,"Ba La, Yen Nghia","Monday","Open 24 hours","Tuesday","Open 24 hours","Wednesday","Open 24 hours","Thursday","Open 24 hours","Friday","Open 24 hours","Saturday","Open 24 hours","Sunday","Open 24 hours",,"false","+84 904 548 948","+84904548948","ChIJ57VxLJVTNDERyYf2wIocFUU",,,,"100000",,"7",,"21","12","5","3","1","0","2026-10-05T19:56:47.405Z","https://www.google.com/maps/search/s%C3%A2n%20c%E1%BA%A7u%20l%C3%B4ng%20c%E1%BA%A7u%20gi%E1%BA%A5y%20h%C3%A0%20n%E1%BB%99i/@18.815248546925805,106.92640321255267,9z?hl=en","sân cầu lông cầu giấy hà nội",,"Yen Nghia, Ha Noi","948 Đ. Quang Trung",,"false","Sân cầu lông Quốc Việt Badminton","4.1","https://www.google.com/maps/search/?api=1&query=S%C3%A2n%20c%E1%BA%A7u%20l%C3%B4ng%20Qu%E1%BB%91c%20Vi%E1%BB%87t%20Badminton&query_place_id=ChIJ57VxLJVTNDERyYf2wIocFUU","true",
,,,,,,,,,,,,,,,,,,,,,,,,,,,,,,,,,,,,,,,,,,,,,,,,,,,,,,,,,,,,,,,,,,,,,,,,,,,,,,,,,,,,,,,,,,,,,,,,,,,,,,,,,,,,,,,,,,,,,,,,,,,,,,,,,,,,,,,,,,,,,,,,,,,,,,,,,,,,,,,,,,,,,,,,,,,,,,,,,,,,,,,,,,,,,,,,,,,,,,,,,,,,,,,,,,,,,,,,,,,,,,,,,,,,,,,,,,,,,,,,"Coma5, Đường 70, Xuân Phương, Hà Nội, Vietnam","9327281346486310803","Badminton court",,,,,,,,,,"Badminton court",,,"16282051322017733178","Ha Noi","false","VN",,"0x3134550073d3bf27:0xe1f577694f8bda3a",,,,,"https://lh3.googleusercontent.com/gps-cs-s/AHRPTWkNpTo7j83zC0FlDVN8yJjtZfpuqbbqG-QsGi_ZT9MnI_y3tz8XkCFbABatjK_72gyG8Ts9MyPow0hzBgUaa-ghz0GjydoYE7bsnfz_laARC_dRAF2Papy4ISVkmFRBTNg5uHKQSPYO8DTp=w408-h306-k-no","8","false","/g/11yw5fbkg7","en",,"21.0177088","105.7460529",,"Xuan Phuong","Monday","Open 24 hours","Tuesday","Open 24 hours","Wednesday","Open 24 hours","Thursday","Open 24 hours","Friday","Open 24 hours","Saturday","Open 24 hours","Sunday","Open 24 hours",,"false","+84 973 140 595","+84973140595","ChIJJ7_TcwBVNDEROtqLT2l39eE",,,,,,"8",,"26","17","0","4","3","2","2026-10-05T19:56:52.643Z","https://www.google.com/maps/search/s%C3%A2n%20c%E1%BA%A7u%20l%C3%B4ng%20c%E1%BA%A7u%20gi%E1%BA%A5y%20h%C3%A0%20n%E1%BB%99i/@20.83416724487634,106.92640321255267,9z?hl=en","sân cầu lông cầu giấy hà nội",,"Xuan Phuong, Ha Noi","Coma5, Đường 70",,"false","Sân cầu lông TN Coma5 Badminton","3.9","https://www.google.com/maps/search/?api=1&query=S%C3%A2n%20c%E1%BA%A7u%20l%C3%B4ng%20TN%20Coma5%20Badminton&query_place_id=ChIJJ7_TcwBVNDEROtqLT2l39eE","true","https://datlich.alobo.vn/san/sport_tn_coma5"
,,,,,,,,,,,,,,,,,,,,,,,,,,,,,,,,,,,,,,,,,,,,,,,,,,,,,,,,,,,,,,,,,,,,,,,,,,,,,,,,,,,,,,,,,,,,,,,,,,,,,,,,,,,,,,,,,,,,,,,,,,,,,,,,,,,,,,,,,,,,,,,,,,,,,,,,,,,,,,,,,,,,,,,,,,,,,,,,,,,,,,,,,,,,,,,,,,,,,,,,,,,,,,,,,,,,,,,,,,,,,,,,,,,,,,,,,,,,,,,,"96 P. Chùa Hà, Làng Quốc tế Thăng Long, Nghĩa Đô, Hà Nội, Vietnam",,"Badminton court",,,,,,,,,,"Badminton court",,,"12698618394428179294","Ha Noi","true","VN",,"0x3135ab0075ccf419:0xb03a8e264a22035e",,,,,"https://lh3.googleusercontent.com/gps-cs-s/AHRPTWlWlMsyQmKSeC6znjcui1IluIVCHEaW7ngt4YEDrxvY6KjnoJ0wqan7uoUHMBkHy-ATs2itPJ2glzIA254DcB4qWeF79fCBo9CghwI0jw9QJTBdcg1LV5os5REEuAh6a2YQXL3u3MEMjSrW=w408-h725-k-no","3","false","/g/11yzpc8210","en",,"21.0393267","105.7937774",,"Làng Quốc tế Thăng Long, Nghia Do",,,,,,,,,,,,,,,,"false","","","ChIJGfTMdQCrNTERXgMiSiaOOrA",,,,,,"12",,"3","1","0","0","2","0","2026-10-05T19:56:52.643Z","https://www.google.com/maps/search/s%C3%A2n%20c%E1%BA%A7u%20l%C3%B4ng%20c%E1%BA%A7u%20gi%E1%BA%A5y%20h%C3%A0%20n%E1%BB%99i/@20.83416724487634,106.92640321255267,9z?hl=en","sân cầu lông cầu giấy hà nội",,"Nghia Do, Ha Noi","96 P. Chùa Hà",,"false","Sân cầu 96 Chùa Hà","3.7","https://www.google.com/maps/search/?api=1&query=S%C3%A2n%20c%E1%BA%A7u%2096%20Ch%C3%B9a%20H%C3%A0&query_place_id=ChIJGfTMdQCrNTERXgMiSiaOOrA",,
,,,,,,,,,,,,,,,,,,,,,,,,,,,,,,,,,,,,,,,,,,,,,,,,,,,,,,,,,,,,,,,,,,,,,,,,,,,,,,,,,,,,,,,,,,,,,,,,,,,,,,,,,,,,,,,,,,,,,,,,,,,,,,,,,,,,,,,,,,,,,,,,,,,,,,,,,,,,,,,,,,,,,,,,,,,,,,,,,,,,,,,,,,,,,,,,,,,,,,,,,,,,,,,,,,,,,,,,,,,,,,,,,,,,,,,,,,,,,,,,"128 Đ. Phú Diễn, Phú Diễn, Hà Nội 100000, Vietnam","7560071853916332729","Badminton court",,,,,,,,,,"Badminton court",,,"2414654096211399960","Ha Noi","false","VN",,"0x3134559785bb0ad1:0x2182931b6c1f5518",,,,,"https://lh3.googleusercontent.com/gps-cs-s/AHRPTWlwAldyMnZHPiXUq3Tcsv2m4B8A1u2AEO6a4Ac2WGcgJ33hY5NCWfmWvQSYSjJp-_UfxLmfj2eUgM37wNTc5kdMqwq7y1Y-oCz2xLddKkQrRDtUuJU0u1PpZeeCisKGY8QyD-WjCva7hswg=w408-h306-k-no","21","false","/g/11zbq4_g8s","en",,"21.0450526","105.7632547",,"Phu Dien","Monday","Open 24 hours","Tuesday","Open 24 hours","Wednesday","Open 24 hours","Thursday","Open 24 hours","Friday","Open 24 hours","Saturday","Open 24 hours","Sunday","Open 24 hours",,"false","+84 345 747 800","+84345747800","ChIJ0Qq7hZdVNDERGFUfbBuTgiE",,,,"100000",,"13",,"9","6","3","0","0","0","2026-10-05T19:56:52.643Z","https://www.google.com/maps/search/s%C3%A2n%20c%E1%BA%A7u%20l%C3%B4ng%20c%E1%BA%A7u%20gi%E1%BA%A5y%20h%C3%A0%20n%E1%BB%99i/@20.83416724487634,106.92640321255267,9z?hl=en","sân cầu lông cầu giấy hà nội",,"Phu Dien, Ha Noi","128 Đ. Phú Diễn",,"false","Sân Cầu lông & Pickleball Putin","4.7","https://www.google.com/maps/search/?api=1&query=S%C3%A2n%20C%E1%BA%A7u%20l%C3%B4ng%20%26%20Pickleball%20Putin&query_place_id=ChIJ0Qq7hZdVNDERGFUfbBuTgiE","true","https://www.facebook.com/share/1J8dLQD2ez/?mibextid=wwXIfr"
,,,,,,,,,,,,,,,,,,,,,,,,,,,,,,,,,,,,,,,,,,,,,,,,,,,,,,,,,,,,,,,,,,,,,,,,,,,,,,,,,,,,,,,,,,,,,,,,,,,,,,,,,,,,,,,,,,,,,,,,,,,,,,,,,,,,,,,,,,,,,,,,,,,,,,,,,,,,,,,,,,,,,,,,,,,,,,,,,,,,,,,,,,,,,,,,,,,,,,,,,,,,,,,,,,,,,,,,,,,,,,,,,,,,,,,,,,,,,,,,"XRF3+6QJ, Ng. 300 Đ. Nguyễn Xiển Đ. Tân Triều, Thanh Liệt, Hà Nội, Vietnam",,"Badminton court",,,,,,,,,,"Badminton court",,,"17348707011245415572","Ha Noi","true","VN",,"0x3135ad0074617667:0xf0c2fd1bfd9c9c94",,,,,"https://lh3.googleusercontent.com/gps-cs-s/AHRPTWmkLiLp_NNrw3xJtRBds8ZB-Kbd69RCtHtoy1u9vmJE6i5Q_CUNMH5KHNxi1RGMaNbuw_42J6XzuIEE3oddY2zGUMDGMUN4vkaLsVia4lVOCwDxFMWjy_b2zodx5nRsKH86lFdgWiDfz1k=w408-h544-k-no","5","false","/g/11z46ddvph","en",,"20.9730804","105.8043963",,"Thanh Liet","Monday","Open 24 hours","Tuesday","Open 24 hours","Wednesday","Open 24 hours","Thursday","Open 24 hours","Friday","Open 24 hours","Saturday","Open 24 hours","Sunday","Open 24 hours",,"false","+84 356 118 885","+84356118885","ChIJZ3ZhdACtNTERlJyc_Rv9wvA",,,,,,"14",,"14","12","2","0","0","0","2026-10-05T19:56:52.643Z","https://www.google.com/maps/search/s%C3%A2n%20c%E1%BA%A7u%20l%C3%B4ng%20c%E1%BA%A7u%20gi%E1%BA%A5y%20h%C3%A0%20n%E1%BB%99i/@20.83416724487634,106.92640321255267,9z?hl=en","sân cầu lông cầu giấy hà nội",,"Thanh Liet, Ha Noi","XRF3+6QJ, Ng. 300 Đ. Nguyễn Xiển Đ. Tân Triều",,"false","Sân cầu lông TP badminton","4.9","https://www.google.com/maps/search/?api=1&query=S%C3%A2n%20c%E1%BA%A7u%20l%C3%B4ng%20TP%20badminton&query_place_id=ChIJZ3ZhdACtNTERlJyc_Rv9wvA","true",
,,,,,,,,,,,,,,,,,,,,,,,,,,,,,,,,,,,,,,,,,,"true",,,,,,,,,,,,,,,,,,,,,,,,,,,,,,,,,,,,,,,,,,,,,,,,,,,,,,,,,,,,,,,,,,,,,,,,,,,,,,,,,,,,,,,,,,,,,,,,,,,,,,,,,,,,,,,,,,,,,,,,,,,,,,,,,,,,,,,,,,,,,,,,,,,,,,,,,,,,,,,,,,,,,,,,,,,,,,,,,,,,,,,,,,,,,,,,,,,,,,"XQ96+Q2J, làng La Khê, Hà Đông, Hà Nội, Vietnam",,"Sports club",,,,,,,,,,"Sports club",,,"3089430293276498163","Ha Noi","true","VN",,"0x3134530792037333:0x2adfdc7bb51398f3",,,,,"https://lh3.googleusercontent.com/gps-cs-s/AHRPTWlGuX1W6UYH34ndtTq5i9baTUDMdGwAjfKRQ3tfCWfIpqGjZ_TZsSf-n97v9H99NVaBYCPp6hVD6PEm1XOAw0O2n6eeDP5nJBf1WpInLSukR1Go7Mw7IwEZhJc1a13KgUhgS5SCOg=w426-h240-k-no","15","false","/g/11kj440bft","en",,"20.9694695","105.7600094",,"làng La Khê, Ha Dong","Monday","Open 24 hours","Tuesday","Open 24 hours","Wednesday","Open 24 hours","Thursday","Open 24 hours","Friday","Open 24 hours","Saturday","Open 24 hours","Sunday","Open 24 hours",,"false","+84 903 435 679","+84903435679","ChIJM3MDkgdTNDER85gTtXvc3yo",,,,,,"15",,"26","21","4","0","1","0","2026-10-05T19:56:52.643Z","https://www.google.com/maps/search/s%C3%A2n%20c%E1%BA%A7u%20l%C3%B4ng%20c%E1%BA%A7u%20gi%E1%BA%A5y%20h%C3%A0%20n%E1%BB%99i/@20.83416724487634,106.92640321255267,9z?hl=en","sân cầu lông cầu giấy hà nội",,"Ha Dong, Ha Noi","XQ96+Q2J",,"false","Sân cầu lông La Khê","4.8","https://www.google.com/maps/search/?api=1&query=S%C3%A2n%20c%E1%BA%A7u%20l%C3%B4ng%20La%20Kh%C3%AA&query_place_id=ChIJM3MDkgdTNDER85gTtXvc3yo","true",
,,,,,,,,,,,,,,,,,,,,,,,,,,,,,,,,,,,,,,,"true",,,,,,,,,,,,,,,,,,,"true",,"true",,,,,,,,,,,,,,,,,,,,,,,,,,,,,,,,,,,,,,,,,,,,,,,,,,,,,,,,,,,,,,,,,,,,,,,,,,,,,,,,,,,,,,,,,,,,,,,,,,,,"true",,,,,,,,,,,,,,,,,,"true",,,,,"true",,,,,,,,"true","true",,,,,,"true",,,,,,"true",,,,,,,"true",,,,,,,,,,,,,,,"Monday","9 AM–5 PM","Tuesday","9 AM–5 PM","Wednesday","9 AM–5 PM","Thursday","9 AM–5 PM","Friday","9 AM–5 PM","Saturday","9 AM–5 PM","Sunday","9 AM–5 PM","36 P. Trần Quý Kiên, Cầu Giấy, Hà Nội, Vietnam","10405256682737930580","Running store",,,,,,,,,,"Running store",,,"552983777076535094","Ha Noi","false","VN",,"0x3135ab37c4bf5c11:0x7ac97d0bf335f36",,,,,"https://lh3.googleusercontent.com/gps-cs-s/AHRPTWk_uic0KE3C_LChVO0atT9hEebwCA86yjXvZ7uk74dpq-x4QvCUOnv9EbUtJy8XYy53F-NCYKFFdIgIU5I6KFvwAR3tN7AVKQpyHkHW6mWvKTvSDCXRu98Ahv6eAlQW0OK41oKSsVxGz6sw=w408-h306-k-no","61","false","/g/11h414l27k","en",,"21.0372958","105.7921335",,"Cau Giay","Monday","9 AM to 9 PM","Tuesday","9 AM to 9 PM","Wednesday","9 AM to 9 PM","Thursday","9 AM to 9 PM","Friday","9 AM to 9 PM","Saturday","9 AM to 9 PM","Sunday","9 AM to 9 PM",,"false","","","ChIJEVy_xDerNTERNl8zv9CXrAc",,,,,,"16",,"10","10","0","0","0","0","2026-10-05T19:56:52.643Z","https://www.google.com/maps/search/s%C3%A2n%20c%E1%BA%A7u%20l%C3%B4ng%20c%E1%BA%A7u%20gi%E1%BA%A5y%20h%C3%A0%20n%E1%BB%99i/@20.83416724487634,106.92640321255267,9z?hl=en","sân cầu lông cầu giấy hà nội",,"Cau Giay, Ha Noi","36 P. Trần Quý Kiên",,"false","Bmai sport cầu giấy","5","https://www.google.com/maps/search/?api=1&query=Bmai%20sport%20c%E1%BA%A7u%20gi%E1%BA%A5y&query_place_id=ChIJEVy_xDerNTERNl8zv9CXrAc","false",
,,"false",,,,,,,"false",,,,,,,,,,,,,,,,,,,,,,,,,,,,,,,,,,,,,,,,,,,,,,,,,,,,,,,,,,,,,,,,,,,,,,,,,,,,,,,,,,,,,,,,,,,,,,,,,,,,,,,,,,,,,,,,,,,,,,,,,,,,,,,,,,,,,,,,,,,,,,,,,,,,,,,,,,,,,,,,,,,,,,,,,,,,,,,,,,,,,,,,,,,,,,,,,,,,,,,,,,,,,,,,,,,,,,,,,,,,,,,,,,,,,,,"392 Đ. Bờ Tây Sông Nhuệ, Đông Ngạc, Hà Nội 100000, Vietnam","4485249760941355080","Badminton court",,,,,,,,,,"Badminton court",,,"10928405426204714747","Ha Noi","false","VN",,"0x3134559d4a9e8b87:0x97a97ed57e6226fb",,,,,"https://lh3.googleusercontent.com/gps-cs-s/AHRPTWkjrCoAcRvjuSYlBAigxhI0OCTli_Jb3u4iFY0NRASoV90kXlMxv8rq0V_bTpcQtt0l6bQCLk927BWvlJ-42q8DnTG7POBJk-ei2nUX3i1sxTKCQmwW34BFJ3i4GJn_BMxvpC17zw=w408-h340-k-no","32","false","/g/11wfrslrj6","en",,"21.0674655","105.7716339",,"Dong Ngac","Monday","Open 24 hours","Tuesday","Open 24 hours","Wednesday","Open 24 hours","Thursday","Open 24 hours","Friday","Open 24 hours","Saturday","Open 24 hours","Sunday","Open 24 hours",,"false","+84 979 333 386","+84979333386","ChIJh4ueSp1VNDER-yZiftV-qZc",,,,"100000",,"17",,"44","37","4","1","2","0","2026-10-05T19:56:52.643Z","https://www.google.com/maps/search/s%C3%A2n%20c%E1%BA%A7u%20l%C3%B4ng%20c%E1%BA%A7u%20gi%E1%BA%A5y%20h%C3%A0%20n%E1%BB%99i/@20.83416724487634,106.92640321255267,9z?hl=en","sân cầu lông cầu giấy hà nội",,"Dong Ngac, Ha Noi","392 Đ. Bờ Tây Sông Nhuệ",,"false","Sân Cầu Lông Minh Anh","4.7","https://www.google.com/maps/search/?api=1&query=S%C3%A2n%20C%E1%BA%A7u%20L%C3%B4ng%20Minh%20Anh&query_place_id=ChIJh4ueSp1VNDER-yZiftV-qZc","true",
,,"false",,,,,,,"false",,,,,,,,,,,,,,,,,,,,,,,,,,,,,,,,,,,,,,,,,,,,,,,,,,,,,,,,,,,,,,,,,,,,,,,,,,,,,,,,,,,,,,,,,,,,,,,,,,,,,,,,,,,,,,,,,,,,,,,,,,,,,,,,,,,,,,,,,,,,,,,,,,,,,,,,,,,,,,,,,,,,,,,,,,,,,,,,,,,,,,,,,,,,,,,,,,,,,,,,,,,,,,,,,,,,,,,,,,,,,,,,,,,,,,,"521 P. Minh Khai, Vĩnh Tuy, Hà Nội, Vietnam","9603912659767203442","Badminton court","Athletic field",,,,,,,,,"Badminton court",,,"10005315311723349463","Ha Noi","false","VN",,"0x3135ac014e46c6c3:0x8ada0543fd0c05d7",,,,,"https://lh3.googleusercontent.com/gps-cs-s/AHRPTWm5ds--mq24vstcND_f4LW2zpFjPBUOw_ail_wmd99UN8UkmkRkXyBosF3qGzkUM8g1rh-ZlAY5yEubvIRmQeFYnwX-V8sdtl-fEwc6P4Z3_Sv9FHaci32GExmLaO6HmPUlCaBZPneuqQVF=w408-h306-k-no","109","false","/g/11c717xwmp","en",,"21.0007026","105.8702438",,"Vinh Tuy","Monday","5 AM to 12 AM","Tuesday","5 AM to 12 AM","Wednesday","5 AM to 12 AM","Thursday","5 AM to 12 AM","Friday","5 AM to 12 AM","Saturday","5 AM to 12 AM","Sunday","5 AM to 12 AM",,"false","+84 936 129 898","+84936129898","ChIJw8ZGTgGsNTER1wUM_UMF2oo",,,,,,"19",,"153","76","40","12","21","4","2026-10-05T19:56:52.643Z","https://www.google.com/maps/search/s%C3%A2n%20c%E1%BA%A7u%20l%C3%B4ng%20c%E1%BA%A7u%20gi%E1%BA%A5y%20h%C3%A0%20n%E1%BB%99i/@20.83416724487634,106.92640321255267,9z?hl=en","sân cầu lông cầu giấy hà nội",,"Vinh Tuy, Ha Noi","521 P. Minh Khai","Trung Tâm TDTT Sân Cầu Lông","false","Badminton Sport Center Airport 521 Minh Khai","4.1","https://www.google.com/maps/search/?api=1&query=Badminton%20Sport%20Center%20Airport%20521%20Minh%20Khai&query_place_id=ChIJw8ZGTgGsNTER1wUM_UMF2oo","false","http://www.facebook.com/caulong.minhkhai/"
,,,,"true",,,,,,,,,,,,,,,,,,,,,,,,,,,,,,,,,,,"true",,,,,,,,,,,,,,"true",,,,,,,,,,,,,,,,,,,,,,,,,,,,,,,,,,,,,,,,,,,,,,,,,,,,,,,,,,,,,,,,,,,,,,,,,,,,,,,,,,,,,,,,,,,,,,,,,,,,,,,,,,,,"true",,,,,,"true",,,,,,,,,,,,,,,,,,,,,,,,,,,,,"true",,,,,,,,,,,,,,,,,,,,,,,,,,,,,,,,,,,,,,,,,,,,"176 Đ. Xuân Đỉnh, Xuân Đỉnh, Hà Nội 10000, Vietnam","3301355719619738442","Sports club",,,,,,,,,,"Sports club",,,"4198518843260082314","Ha Noi","false","VN",,"0x3135ab819a7b018b:0x3a4422a4ab4d188a",,,,,"https://lh3.googleusercontent.com/gps-cs-s/AHRPTWkMSCP3zyEr3gJmJXav9O-EOga-667fC64Vc5U_ZgI0EIEvTZi0zGztHRGcOykSeA8eA3663KDjoY5sumayZKfuxuCs27bSUvtw5Xix_rk700Cy1JdatoyVyJI3mWq6NrBsSquCMdw7VLk=w427-h240-k-no","26","false","/g/11s4gxz77t","en",,"21.0730726","105.7968646",,"Xuan Dinh",,,,,,,,,,,,,,,,"false","+84 833 394 225","+84833394225","ChIJiwF7moGrNTERihhNq6QiRDo",,,,"10000",,"20",,"24","16","7","0","1","0","2026-10-05T19:56:52.643Z","https://www.google.com/maps/search/s%C3%A2n%20c%E1%BA%A7u%20l%C3%B4ng%20c%E1%BA%A7u%20gi%E1%BA%A5y%20h%C3%A0%20n%E1%BB%99i/@20.83416724487634,106.92640321255267,9z?hl=en","sân cầu lông cầu giấy hà nội",,"Xuan Dinh, Ha Noi","176 Đ. Xuân Đỉnh",,"false","Sân cầu lông THPH Xuân Đỉnh","4.6","https://www.google.com/maps/search/?api=1&query=S%C3%A2n%20c%E1%BA%A7u%20l%C3%B4ng%20THPH%20Xu%C3%A2n%20%C4%90%E1%BB%89nh&query_place_id=ChIJiwF7moGrNTERihhNq6QiRDo",,
,,,,,,,,,,,,,,,,,,,,,,,,,,,,,,,,,,,,,,,,,,,,,,,,,,,,,,,,,,,,,,,,,,,,,,,,,,,,,,,,,,,,,,,,,,,,,,,,,,,,,,,,,,,,,,,,,,,,,,,,,,,,,,,,,,,,,,,,,,,,,,,,,,,,,,,,,,,,,,,,,,,,,,,,,,,,,,,,,,,,,,,,,,,,,,,,,,,,,,,,,,,,,,,,,,,,,,,,,,,,,,,,,,,,,,,,,,,,,,,,"2QJW+HV6, Ng. 165 Đ. Cầu Giấy Cầu Giấy, Hà Nội, Vietnam",,"Tennis court",,,,,,,,,,"Tennis court",,,"6995144551231876948","Ha Noi","true","VN",,"0x3135ab7431a14eaf:0x6113bee850af6f54",,,,,"https://streetviewpixels-pa.googleapis.com/v1/thumbnail?panoid=O900gKJxpdt72-EJ-dYWfA&cb_client=search.gws-prod.gps&w=408&h=240&yaw=124.857155&pitch=0&thumbfov=100","2","false","/g/11l38m7xys","en",,"21.0314194","105.7971536",,"Cau Giay",,,,,,,,,,,,,,,,"false","","","ChIJr06hMXSrNTERVG-vUOi-E2E",,,,,,"22",,"3","1","1","1","0","0","2026-10-05T19:56:53.399Z","https://www.google.com/maps/search/s%C3%A2n%20c%E1%BA%A7u%20l%C3%B4ng%20c%E1%BA%A7u%20gi%E1%BA%A5y%20h%C3%A0%20n%E1%BB%99i/@20.83416724487634,106.92640321255267,9z?hl=en","sân cầu lông cầu giấy hà nội",,"Cau Giay, Ha Noi","2QJW+HV6, Ng. 165 Đ. Cầu Giấy Cầu Giấy",,"false","Sân Tennis Quan Hoa","3.3","https://www.google.com/maps/search/?api=1&query=S%C3%A2n%20Tennis%20Quan%20Hoa&query_place_id=ChIJr06hMXSrNTERVG-vUOi-E2E",,
,,,,,,,,,,,,,,,,,,,,,,,,,,,,,,,,,,,,,,,,,,,,,,,,,,,,,,,,,,,,,,,,,,,,,,,,,,,,,,,,,,,,,,,,,,,,,,,,,,,,,,,,,,,,,,,,,,,,,,,,,,,,,,,,,,,,,,,,,,,,,,,,,,,,,,,,,,,,,,,,,,,,,,,,,,,,,,,,,,,,,,,,,,,,,,,,,,,,,,,,,,,,,,,,,,,,,,,,,,,,,,,,,,,,,,,,,,,,,,,,"Tú Mỡ, Yên Hòa, Hà Nội, Vietnam","6992461321319385989","Soccer field",,,,,,,,,,"Soccer field",,,"1591627532790824975","Ha Noi","false","VN",,"0x3135aca78d552277:0x161698ceeaba800f",,,,,"https://lh3.googleusercontent.com/gps-cs-s/ANWiy9TM_38Xdl4M2ijVB_n3hR4efvP6uEzJwg4Pv9CkMXyPwU_JQ1Vp-R0oPtg06xUEK5e0OlAvhITTG2PBo-b8wGd1pWOWbIzg3yRL35tHcnHrIbtwYdWZeRMsO1dtCMpFZgASGGBw=w408-h306-k-no","221","false","/g/11c54cckzn","en",,"21.011776","105.7955066",,"Yen Hoa","Monday","6 AM to 10 PM","Tuesday","6 AM to 10 PM","Wednesday","6 AM to 10 PM","Thursday","6 AM to 10 PM","Friday","6 AM to 10 PM","Saturday","6 AM to 10 PM","Sunday","6 AM to 10 PM",,"false","+84 915 144 060","+84915144060","ChIJdyJVjaesNTERD4C66s6YFhY",,,,,,"23",,"408","218","95","12","68","15","2026-10-05T19:56:53.399Z","https://www.google.com/maps/search/s%C3%A2n%20c%E1%BA%A7u%20l%C3%B4ng%20c%E1%BA%A7u%20gi%E1%BA%A5y%20h%C3%A0%20n%E1%BB%99i/@20.83416724487634,106.92640321255267,9z?hl=en","sân cầu lông cầu giấy hà nội",,"Yen Hoa, Ha Noi","Tú Mỡ",,"false","Sân Bóng Trung Kính Hạ","4.2","https://www.google.com/maps/search/?api=1&query=S%C3%A2n%20B%C3%B3ng%20Trung%20K%C3%ADnh%20H%E1%BA%A1&query_place_id=ChIJdyJVjaesNTERD4C66s6YFhY","false",
,,,,,,,,,,,,,,,,,,,,,,,,,,,,,,,,,,,,,,,,,,,,,,,,,,,,,,,,,,,,,,,,,,,,,,,,,,,,,,,,,,,,,,,,,,,,,,,,,,,,,,,,,,,,,,,,,,,,,,,,,,,,,,,,,,,,,,,,,,,,,,,,,,,,,,,,,,,,,,,,,,,,,,,,,,,,,,,,,,,,,,,,,,,,,,,,,,,,,,,,,,,,,,,,,,,,,,,,,,,,,,,,,,,,,,,,,,,,,,,,"Đ. Tân An Bình, Từ Liêm, Hà Nội, Vietnam",,"Badminton court",,,,,,,,,,"Badminton court",,,"9830429049061757153","Ha Noi","true","VN",,"0x31345500388e8913:0x886cb322e301d0e1",,,,,"https://lh3.googleusercontent.com/gps-cs-s/ANWiy9QjuYMctl0VES4WgZIqtXEe8RGRO9l3bvn3rzLR3YZofyHEr2yLYnpNLcW404VBcgTc9-P8vGmWaZhaQlssrNCOFqn7unhkdQMRoX6KDK1z_Wsb0A1ZPPsXCw-Pe5WVRFl_bYlAPYdZwyzN=w408-h271-k-no","39","false","/g/11xmbswf25","en",,"21.0229165","105.7687531",,"Tu Liem","Monday","Open 24 hours","Tuesday","Open 24 hours","Wednesday","Open 24 hours","Thursday","Open 24 hours","Friday","Open 24 hours","Saturday","Open 24 hours","Sunday","Open 24 hours",,"false","+84 886 900 111","+84886900111","ChIJE4mOOABVNDER4dAB4yKzbIg",,,,,,"24",,"56","28","10","12","2","4","2026-10-05T19:56:53.399Z","https://www.google.com/maps/search/s%C3%A2n%20c%E1%BA%A7u%20l%C3%B4ng%20c%E1%BA%A7u%20gi%E1%BA%A5y%20h%C3%A0%20n%E1%BB%99i/@20.83416724487634,106.92640321255267,9z?hl=en","sân cầu lông cầu giấy hà nội",,"Tu Liem, Ha Noi","Đ. Tân An Bình",,"false","Sân Cầu Lông Mỹ Đình","3.7","https://www.google.com/maps/search/?api=1&query=S%C3%A2n%20C%E1%BA%A7u%20L%C3%B4ng%20M%E1%BB%B9%20%C4%90%C3%ACnh&query_place_id=ChIJE4mOOABVNDER4dAB4yKzbIg","true",
,,"true",,,,,,,"true",,,,,,,,,,,,,,,,,,,,,,,,,,,,,,"true",,,,,,,,,,,,,,,,,,,"true",,"true",,,,,,,,,,,,,,,,,,,,,,,,,,,,,,,,,,,,,,,,,,,,,,,,,,,,,,,,,,,,,,,,,,,,,,,,,,,,,,,,,,,,,,,,,,,"true",,,,"true",,,,,,,,,,,,,,,,,,,,,,,,,,,,,,,,,,,,"true","true",,,,,,"true",,,,,,"true",,,,,,,,,,,,,,,,,,,,,,,,,,,,,,,,,,,,"77 P. Trần Đăng Ninh, Cầu Giấy, Hà Nội, Vietnam","4344114823947730602","Sporting goods store",,,,,,,,,,"Sporting goods store",,,"7131793017984681758","Ha Noi","false","VN",,"0x3135ab3791c7ba07:0x62f937f6c896871e",,,,,"https://lh3.googleusercontent.com/gps-cs-s/ANWiy9TUaG8OgIw6B7-gMfTdgy_oNz9lnvyv_kllK_hb4DVYrM5y13xmc-v-OE2Yl5lpSHsgMyoMkGFIHMlmsyrLgpClsQeSra9MeO-BWjabIG57p-Pa8BA0oylcamG4bMbPiA7RH6BI1N1tAhdr=w408-h408-k-no","275","false","/g/11bx2l3yxh","en",,"21.0369787","105.7939777",,"Cau Giay","Monday","8 AM to 8 PM","Tuesday","8 AM to 8 PM","Wednesday","8 AM to 8 PM","Thursday","8 AM to 8 PM","Friday","8 AM to 8 PM","Saturday","8 AM to 8 PM","Sunday","8 AM to 8 PM",,"false","+84 984 489 989","+84984489989","ChIJB7rHkTerNTERHoeWyPY3-WI",,,,,,"25",,"401","366","18","11","6","0","2026-10-05T19:56:53.399Z","https://www.google.com/maps/search/s%C3%A2n%20c%E1%BA%A7u%20l%C3%B4ng%20c%E1%BA%A7u%20gi%E1%BA%A5y%20h%C3%A0%20n%E1%BB%99i/@20.83416724487634,106.92640321255267,9z?hl=en","sân cầu lông cầu giấy hà nội",,"Cau Giay, Ha Noi","77 P. Trần Đăng Ninh",,"false","Vietthethao Pickleball - Tennis - Cầu Lông","4.8","https://www.google.com/maps/search/?api=1&query=Vietthethao%20Pickleball%20-%20Tennis%20-%20C%E1%BA%A7u%20L%C3%B4ng&query_place_id=ChIJB7rHkTerNTERHoeWyPY3-WI","false","https://vietthethao.com/"
,,,,,,,,,,,,,,,,,,,,,,,,,,,,,,,,,,,,,,,,,,"true",,,,,,,,,,,,,,,,,,,,,,,,,,,,,,,,,,,,,,,,,,,,,,,,,,,,,,,,,,,,,,,,,,,,,,,,,,,,,,,,,,,,,,,,,,,,,,,,,,,,,,,,,,,,,,,,,,,,,,,,,,,,,,,,,,,,,,,,,,,,,,,,,,,,,,,,,,,,,,,,,,,,,,,,,,,,,,,,,,,,,,,,,,,,,,,,,,,,,,"35 P. Trần Quý Kiên, Cầu Giấy, Hà Nội, Vietnam","4670669807312638294","Table tennis club",,,,,,,,,,"Table tennis club",,,"6898881634230840893","Ha Noi","false","VN",,"0x3135ab0027d91e19:0x5fbdc04b63cbae3d",,,,,"https://lh3.googleusercontent.com/gps-cs-s/ANWiy9RZsEorDYhNIZKpBcngGYK7hh8hvK67Tow-ebBICYLtM3fMJh5KRUyYSCiRajP5Pn_JPJXl4r6HwJNt-Ru1YbxEPojm4mw85zzK122jJxNryC8ICz56O-nrMOGeTJXgITnqSgxpuA8pxVww=w408-h306-k-no","19","false","/g/11y8v_3359","en",,"21.0368853","105.7913306",,"Cau Giay","Monday","8 AM to 9 PM","Tuesday","8 AM to 9 PM","Wednesday","8:30 AM to 12 AM","Thursday","12:30 AM to 9 PM","Friday","8 AM to 8:30 PM","Saturday","8 AM to 8 PM","Sunday","Open 24 hours",,"false","+84 919 587 766","+84919587766","ChIJGR7ZJwCrNTERPa7LY0vAvV8",,,,,,"26",,"48","46","0","1","1","0","2026-10-05T19:56:53.399Z","https://www.google.com/maps/search/s%C3%A2n%20c%E1%BA%A7u%20l%C3%B4ng%20c%E1%BA%A7u%20gi%E1%BA%A5y%20h%C3%A0%20n%E1%BB%99i/@20.83416724487634,106.92640321255267,9z?hl=en","sân cầu lông cầu giấy hà nội",,"Cau Giay, Ha Noi","35 P. Trần Quý Kiên",,"false","Câu Lạc Bộ Bóng Bàn Cầu Giấy - Sơn Tè shop","4.9","https://www.google.com/maps/search/?api=1&query=C%C3%A2u%20L%E1%BA%A1c%20B%E1%BB%99%20B%C3%B3ng%20B%C3%A0n%20C%E1%BA%A7u%20Gi%E1%BA%A5y%20-%20S%C6%A1n%20T%C3%A8%20shop&query_place_id=ChIJGR7ZJwCrNTERPa7LY0vAvV8","false","https://www.facebook.com/profile.php?id=100086249846471&mibextid=LQQJ4d"
,,,,,,,,,,,,,,,,,,,,,,,,,,,,,,,,,,,,,,,,,,,,,,,"true",,"true",,,,,,,,,,,,,,,,,,,,,,,,,,,,,,,,,,,,,,,,,,,,,,,,,,,,,,,,,,,,,,,,,,,,,,,,,,,,,,,,,,,,,,,,,,,,,,,,,,,,,,,,,,,,,,,,,,,,,,,,,,,,,,,,,,,,,,,,,,,,,,"true","true",,,,,,"true",,,,,,"true",,,,,,,"true",,,,,,,,,,,,,,,,,,,,,,,,,,,,,"51 P. Trần Đăng Ninh, Cầu Giấy, Hà Nội 100000, Vietnam","4426166670545661473","Tennis store",,,,,,,,,,"Tennis store",,,"5235456507742386018","Ha Noi","false","VN",,"0x3135ab816a8bf529:0x48a813f484fdf762",,,,,"https://lh3.googleusercontent.com/gps-cs-s/ANWiy9QNDoOR1LmlVV2E_Npj6KSZjXTiJOowobdeM0rDZNl4yvz1U2Ico5sYDLH6ddjtrymS-97_InWr34OE-Ol_lr7pKDpjj2BniMVF2mlLUC3D7IDFN0tnQiNbtD5JujHDVxgRL-Bf=w408-h306-k-no","234","false","/g/11h0y2rfsv","en",,"21.0365551","105.7938011",,"Cau Giay","Monday","7:30 AM to 8:30 PM","Tuesday","7:30 AM to 8:30 PM","Wednesday","7:30 AM to 8:30 PM","Thursday","7:30 AM to 8:30 PM","Friday","7:30 AM to 8:30 PM","Saturday","7:30 AM to 8:30 PM","Sunday","7:30 AM to 8:30 PM",,"false","+84 986 660 530","+84986660530","ChIJKfWLaoGrNTERYvf9hPQTqEg",,,,"100000",,"29",,"199","119","32","17","20","11","2026-10-05T19:56:53.399Z","https://www.google.com/maps/search/s%C3%A2n%20c%E1%BA%A7u%20l%C3%B4ng%20c%E1%BA%A7u%20gi%E1%BA%A5y%20h%C3%A0%20n%E1%BB%99i/@20.83416724487634,106.92640321255267,9z?hl=en","sân cầu lông cầu giấy hà nội",,"Cau Giay, Ha Noi","51 P. Trần Đăng Ninh",,"false","Hải Max Sports","4.1","https://www.google.com/maps/search/?api=1&query=H%E1%BA%A3i%20Max%20Sports&query_place_id=ChIJKfWLaoGrNTERYvf9hPQTqEg","false","https://haimaxsport.com/"
,,"true",,,,,,,"true",,,,,,,,,,,,,,,,,,,,,,,,,,,,,,,,,"true",,,,,,,,,,,,,,,,,,,,,,,,,,,,,,,,,,,,,,,,,,,,,,,,,,,,,,,,,,,,,,,,,,,,,,,,,,,,,,,,,,,,,,,,,,,,,,,,,,,,,,,,,,,,,,,,,,,,,,,,,,,,,,,,,,,,,,,,,,,,,,,,,,,,,,,,,,,,,,,,,,,,,,,,,,,,,,,,,,,,,,,,,,,,,,,,,,,,,,"P. Phạm Tuấn Tài, Phố, Nghĩa Đô, Hà Nội, Vietnam",,"Community center",,,,,,,,,,"Community center",,,"7337234335771818084","Ha Noi","true","VN",,"0x3135ab30a1aaf3bf:0x65d317c1097a7864",,,,,"https://lh3.googleusercontent.com/gps-cs-s/ANWiy9SDXHrjZZNpXkAnyJA5NI8mUCBjKPMNfwfI_NkZlk3RWSjoWg-YKXGu4ZA2KrzaXSUpEwOIzRFk0j7B2EUCc1UdUn76Stg6Fp0NfTMwnvK1B6PMaXXJgOt15UB3E3P_gvuDpWRQ=w426-h240-k-no","127","false","/g/12vt663t0","en",,"21.0428365","105.7938179",,"Phố, Nghia Do","Monday","9 AM to 5 PM","Tuesday","Open 24 hours","Wednesday","Open 24 hours","Thursday","Open 24 hours","Friday","Open 24 hours","Saturday","Open 24 hours","Sunday","Open 24 hours",,"false","","","ChIJv_OqoTCrNTERZHh6CcEX02U",,,,,,"30",,"191","86","49","4","45","7","2026-10-05T19:56:53.399Z","https://www.google.com/maps/search/s%C3%A2n%20c%E1%BA%A7u%20l%C3%B4ng%20c%E1%BA%A7u%20gi%E1%BA%A5y%20h%C3%A0%20n%E1%BB%99i/@20.83416724487634,106.92640321255267,9z?hl=en","sân cầu lông cầu giấy hà nội",,"Nghia Do, Ha Noi","P. Phạm Tuấn Tài","Trung Tâm Thể Thao Phường Nghĩa Tân","false","Nghia Tan Ward Sports Center","4.1","https://www.google.com/maps/search/?api=1&query=Nghia%20Tan%20Ward%20Sports%20Center&query_place_id=ChIJv_OqoTCrNTERZHh6CcEX02U","true",
,,,,,,,,,,,,,,,,,,,,,,,,,,,,,,,,,,,,,,,,,,,,,,,,,,,,,,,,,,,,,,,,,,,,,,,,,,,,,,,,,,,,,,,,,,,,,,,,,,,,,,,,,,,,,,,,,,,,,,,,,,,,,,,,,,,,,,,,,,,,,,,,,,,,,,,,,,,,,,,,,,,,,,,,,,,,,,,,,,,,,,,,,,,,,,,,,,,,,,,,,,,,,,,,,,,,,,,,,,,,,,,,,,,,,,,,,,,,,,,,"159 P. Chùa Láng, Láng, Hà Nội 100000, Vietnam","8933492320134461605","Coaching center",,,,,,,,,,"Coaching center",,,"7943730189756216304","Ha Noi","false","VN",,"0x3135abd8050b23b7:0x6e3dcc8517f733f0",,,,,"https://streetviewpixels-pa.googleapis.com/v1/thumbnail?panoid=zgngLjtDOQ-eBJ_KAr4-fA&cb_client=search.gws-prod.gps&w=408&h=240&yaw=162.6712&pitch=0&thumbfov=100","4","false","/g/11vl4kxzhr","en",,"21.0231098","105.8022773",,"Lang","Monday","Open 24 hours","Tuesday","Open 24 hours","Wednesday","Open 24 hours","Thursday","Open 24 hours","Friday","Open 24 hours","Saturday","Open 24 hours","Sunday","Open 24 hours",,"false","+84 915 154 565","+84915154565","ChIJtyMLBdirNTER8DP3F4XMPW4",,,,"100000",,"31",,,,,,,,"2026-10-05T19:56:53.399Z","https://www.google.com/maps/search/s%C3%A2n%20c%E1%BA%A7u%20l%C3%B4ng%20c%E1%BA%A7u%20gi%E1%BA%A5y%20h%C3%A0%20n%E1%BB%99i/@20.83416724487634,106.92640321255267,9z?hl=en","sân cầu lông cầu giấy hà nội",,"Lang, Ha Noi","159 P. Chùa Láng",,"false","Học Cầu Lông ở Chùa Láng, Cầu Giấy, Hà Nội",,"https://www.google.com/maps/search/?api=1&query=H%E1%BB%8Dc%20C%E1%BA%A7u%20L%C3%B4ng%20%E1%BB%9F%20Ch%C3%B9a%20L%C3%A1ng%2C%20C%E1%BA%A7u%20Gi%E1%BA%A5y%2C%20H%C3%A0%20N%E1%BB%99i&query_place_id=ChIJtyMLBdirNTER8DP3F4XMPW4","true","https://www.vnbadminton.com/threads/lop-hoc-cau-long-tai-cau-giay-ba-dinh-thanh-xuan.47291/"
,,,,,,,,,,,,,,,,,,,,,,,,,,,,,,,,,,,,,,,,,,,,,,,,,,,,,,,,,,,,,,,,,,,,,,,,,,,,,,,,,,,,,,,,,,,,,,,,,,,,,,,,,,,,,,,,,,,,,,,,,,,,,,,,,,,,,,,,,,,,,,,,,,,,,,,,,,,,,,,,,,,,,,,,,,,,,,,,,,,,,,,,,,,,,,,"true","true",,,,,,,,,,,,,,,,,,,,,,,,,,,,,,,,,,,,,,,,,,,,,,,,"21 Ng. 30 P. Trần Quý Kiên, Cầu Giấy, Hà Nội, Vietnam","34862846194047709","Outdoor sports store",,,,,,,,,,"Outdoor sports store",,,"14677079866663316189","Ha Noi","false","VN",,"0x3135ab2332246025:0xcbaf766050812add",,,,,"https://lh3.googleusercontent.com/gps-cs-s/ANWiy9QBdz6PDat3vO-4KxIaOsH1FNXue8TlRNa7s8oLcdo1dXTIRa9H156YSdjftCsPvqPODh0R-qczX89s1ZzsNRm7PEdOK1uIkpsEuM1oXcfo8c2PPqm4-L9gnEdMmg8D40MCwfo5=w408-h544-k-no","5","false","/g/11swwwtxgt","en",,"21.0370775","105.7925271",,"Cau Giay","Monday","8 AM to 9 PM","Tuesday","8 AM to 9 PM","Wednesday","8 AM to 9 PM","Thursday","8 AM to 9 PM","Friday","8 AM to 9 PM","Saturday","8 AM to 9 PM","Sunday","8 AM to 9 PM",,"false","+84 989 775 111","+84989775111","ChIJJWAkMiOrNTER3SqBUGB2r8s",,,,,,"32",,"11","9","0","2","0","0","2026-10-05T19:56:53.399Z","https://www.google.com/maps/search/s%C3%A2n%20c%E1%BA%A7u%20l%C3%B4ng%20c%E1%BA%A7u%20gi%E1%BA%A5y%20h%C3%A0%20n%E1%BB%99i/@20.83416724487634,106.92640321255267,9z?hl=en","sân cầu lông cầu giấy hà nội",,"Cau Giay, Ha Noi","21 Ng. 30 P. Trần Quý Kiên",,"false","Thế Phương Sport","4.3","https://www.google.com/maps/search/?api=1&query=Th%E1%BA%BF%20Ph%C6%B0%C6%A1ng%20Sport&query_place_id=ChIJJWAkMiOrNTER3SqBUGB2r8s","false",
,,,,,,,,,,,,,,,,,,,,,,,,,,,,,,,,,,,,,,,,,,,,,,,,,,,,,,,,,,,,,,,,,,,,,,,,,,,,,,,,,,,,,,,,,,,,,,,,,,,,,,,,,,,,,,,,,,,,,,,,,,,,,,,,,,,,,,,,,,,,,,,,,,,,,,,,,,,,,,,,,,,,,,,,,,,,,,,,,,,,,,,,,,,,,,,,,,,,,,,,,,,,,,,,,,,,,,,,,,,,,,,,,,,,,,,,,,,,,,,,"19 Phố Duy Tân, Cầu Giấy, Hà Nội 11300, Vietnam",,"Pickleball court",,,,,,,,,,"Pickleball court",,,"11207489404854381918","Ha Noi","true","VN",,"0x313455007accbd69:0x9b89003be04cad5e",,,,,"https://lh3.googleusercontent.com/gps-cs-s/AHRPTWm_HSsz-8y1ljgkOyrv9rF1oShvvdHJzdqR37v0uedwz8ZniAQwRti4sLQ6XrZ4soQSeCoTDokxbzKhs0gHhZN0LABCp7QOUzRGVl8kMr5gF16PQt2fWDpzKUJM__C4xkL2iZ8yuoYEFOit=w408-h544-k-no","42","false","/g/11wnl1c0yx","en",,"21.0304569","105.7813628",,"Cau Giay","Monday","6 AM to 11 PM","Tuesday","6 AM to 11 PM","Wednesday","6 AM to 11 PM","Thursday","6 AM to 11 PM","Friday","6 AM to 11 PM","Saturday","6 AM to 11 PM","Sunday","6 AM to 11 PM",,"false","","","ChIJab3MegBVNDERXq1M4DsAiZs",,,,"11300",,"33",,"25","3","0","20","1","1","2026-10-05T19:56:53.399Z","https://www.google.com/maps/search/s%C3%A2n%20c%E1%BA%A7u%20l%C3%B4ng%20c%E1%BA%A7u%20gi%E1%BA%A5y%20h%C3%A0%20n%E1%BB%99i/@20.83416724487634,106.92640321255267,9z?hl=en","sân cầu lông cầu giấy hà nội",,"Cau Giay, Ha Noi","19 Phố Duy Tân",,"false","Epic Pickleball","1.6","https://www.google.com/maps/search/?api=1&query=Epic%20Pickleball&query_place_id=ChIJab3MegBVNDERXq1M4DsAiZs","false",
,,,,,,,,,,,,,,,,,,,,,,,,,,,,,,,,,,,,,,,,,,,,,,,,,,,,,,,,,,,,,,,,,,,,,,,,,,,,,,,,,,,,,,,,,,,,,,,,,,,,,,,,,,,,,,,,,,,,,,,,,,,,,,,,,,,,,,,,,,,,,,,,,,,,,,,,,,,,,,,,,,,,,,,,,,,,,,,,,,,,,,,,,,,,,,,,,,,,,,,,,,,,,,,,,,,,,,,,,,,,,,,,,,,,,,,,,,,,,,,,"Cau Giay, Ha Noi, Vietnam",,,,,,,,,,,,,,,"525746230512663514","Ha Noi","false","VN",,"0x3135ab495508b8cd:0x74bd3693fb53bda",,,,,,"0","false","/g/11z303t4g1","en",,"21.0333967","105.790872",,"Cau Giay",,,,,,,,,,,,,,,,"false","","","ChIJzbgIVUmrNTER2ju1P2nTSwc",,,,,,"34",,,,,,,,"2026-10-05T19:56:53.399Z","https://www.google.com/maps/search/s%C3%A2n%20c%E1%BA%A7u%20l%C3%B4ng%20c%E1%BA%A7u%20gi%E1%BA%A5y%20h%C3%A0%20n%E1%BB%99i/@20.83416724487634,106.92640321255267,9z?hl=en","sân cầu lông cầu giấy hà nội",,"Cau Giay, Ha Noi",,"Cầu Giấy","false","Cau Giay",,"https://www.google.com/maps/search/?api=1&query=Cau%20Giay&query_place_id=ChIJzbgIVUmrNTER2ju1P2nTSwc",,
,,,,,,,,,,,,,,,,,,,,,,,,,,,,,,,,,,,,,,,,,,,,,,,,,,,,,,,,,,,,,,,,,,,,,,,,,,,,,,,,,,,,,,,,,,,,,,,,,,,,,,,,,,,,,,,,,,,,,,,,,,,,,,,,,,,,,,,,,,,,,,,,,,,,,,,,,,,,,,,,,,,,,,,,,,,,,,,,,,,"true",,,,"true","true",,,,,,,,"true",,,,,,,,,,,,,,,,,,,,,,,,,,,,,,,,,,,,,,,,,,,,,,,,"7a Ng. 850 Đ. Láng, Láng, Hà Nội, Vietnam","13549492804367984402","Sporting goods store",,,,,,,,,,"Sporting goods store",,,"9275946879221645162","Ha Noi","false","VN",,"0x3135ab4cfd7d6267:0x80bac88a63663f6a",,,,,"https://lh3.googleusercontent.com/gps-cs-s/AHRPTWnNRbD5_Jbd38oOZZmg6c-zzYZrYUkEEg1lBfHp5oTD0Ybxs44eFqgFNmG0JwpHcCpUffVb9Iw6iYhcAeKUPL-FDNt-1ZVcg8b4WNu1qucJSaT1BNigTxL38CV-tPrp22hNfHn9=w408-h544-k-no","35","false","/g/11ryh2d919","en",,"21.0198267","105.8027249",,"Lang","Monday","8:15 AM to 7 PM","Tuesday","8:15 AM to 7 PM","Wednesday","8:15 AM to 7 PM","Thursday","8:15 AM to 7 PM","Friday","8:15 AM to 7 PM","Saturday","8:15 AM to 7 PM","Sunday","9:15 AM to 6 PM",,"false","+84 886 737 868","+84886737868","ChIJZ2J9_UyrNTERaj9mY4rIuoA",,,,,,"35",,"38","32","4","2","0","0","2026-10-05T19:56:53.399Z","https://www.google.com/maps/search/s%C3%A2n%20c%E1%BA%A7u%20l%C3%B4ng%20c%E1%BA%A7u%20gi%E1%BA%A5y%20h%C3%A0%20n%E1%BB%99i/@20.83416724487634,106.92640321255267,9z?hl=en","sân cầu lông cầu giấy hà nội",,"Lang, Ha Noi","7a Ng. 850 Đ. Láng",,"false","Quốc Việt Badminton","4.7","https://www.google.com/maps/search/?api=1&query=Qu%E1%BB%91c%20Vi%E1%BB%87t%20Badminton&query_place_id=ChIJZ2J9_UyrNTERaj9mY4rIuoA","false","https://qvbadminton.com/"
,,"true",,,,,,,"true",,,,,,,"true",,"false",,,,,,,,,,,"false",,,,,,,"true","true",,,,,,,,,,,,,"true",,,,,,,,,,,,"true",,,,,,,,,,,,"true",,,,,,,,,,,,,"true",,,,,,,,,,,,"true",,,,,,,,,,,,"true",,,,,,,,,,,,"true",,,,,,,,,,,,"true",,,"true",,,,,,"true",,,,,,"true","true",,,"true","true","true","true","true",,,,,,"true",,,,,,"true",,,,,,"true",,,"true",,,,"true","true",,,"true",,,"true",,,,,,"true",,,,,,,,,,,,,,,,,,,,,,,,,,,,,,,,,,,,,,,,,,,,"P. Thành Thái, Cầu Giấy, Hà Nội, Vietnam","17843688057827602116","City park","Park",,,,,,,,,"City park",,,"6548338366651514072","Ha Noi","false","VN","Landscaped space with a pond & fountains, plus exercise classes, running routes & playgrounds.","0x3135ab4ee3d2b0f7:0x5ae05f0cc5533cd8",,,,,"https://lh3.googleusercontent.com/gps-cs-s/AHRPTWlLbdFLpNdhNaI6AcN5owCdxWiaBZbdH__NuLNqVjzGIuXs-E7G6LJQHH2qC8j85wN2ZGjJdT2Ex85aBWMJq2-kr7g5-_H2XyXICzKuNAYkgcnwmOiMfkuwTUmLy2C17i0OYBg=w474-h240-k-no","27672","false","/g/11c0rhsmdh","en",,"21.0281979","105.7908333",,"Cau Giay",,,,,,,,,,,,,,,,"false","","","ChIJ97DS406rNTER2DxTxQxf4Fo",,,,,,"36",,"11832","7137","2793","299","1339","264","2026-10-05T19:56:53.399Z","https://www.google.com/maps/search/s%C3%A2n%20c%E1%BA%A7u%20l%C3%B4ng%20c%E1%BA%A7u%20gi%E1%BA%A5y%20h%C3%A0%20n%E1%BB%99i/@20.83416724487634,106.92640321255267,9z?hl=en","sân cầu lông cầu giấy hà nội",,"Cau Giay, Ha Noi","P. Thành Thái","Công viên Cầu Giấy","false","Cau Giay Park","4.4","https://www.google.com/maps/search/?api=1&query=Cau%20Giay%20Park&query_place_id=ChIJ97DS406rNTER2DxTxQxf4Fo",,"http://www.congviencaugiay.com/"
,,,,,,,,,,,,,,,,,,,,,,,,,,,,,,,,,,,,,,,,,,,,,,,,,,,,,,,,,,,,,,,,,,,,,,,,,,,,,,,,,,,,,,,,,,,,,,,,,,,,,,,,,,,,,,,,,,,,,,,,,,,,,,,,,,,,,,,,,,,,,,,,,,,,,,,,,,,,,,,,,"true",,,,,,"true",,,,,,,,,,,,,,,,,,,,,,,,,,,,,,,,,,,,,,,,,,,,,,,,,,,,,,,,,,,,,,,,,,,,,,,,,"27 Đ. Lê Văn Lương, Thanh Xuân, Hà Nội 10000, Vietnam","6190878109670828248","Badminton court",,,,,,,,,,"Badminton court",,,"1500078870301226672","Ha Noi","false","VN",,"0x3135ad0d58ce037b:0x14d159c8e75fb6b0",,,,,"https://lh3.googleusercontent.com/gps-cs-s/ANWiy9R_Jzd2cnf5IZqDo8aBnwYUKSF9Q7cpq2U0l0VW43UHIOw2c_MIar3D4zpM7vQQ3vKFDnigA14qpMJ6inPfHwGbu2cb3etrK5L22MaZBG0UG68Bhw9j7ssA2dzSqqKYsqUq7x82jbsTZzNh=w426-h240-k-no","39","false","/g/11mdmmrqbc","en",,"21.0033196","105.8044354",,"Thanh Xuan","Monday","Open 24 hours","Tuesday","Open 24 hours","Wednesday","Open 24 hours","Thursday","Open 24 hours","Friday","Open 24 hours","Saturday","Open 24 hours","Sunday","Open 24 hours",,"false","+84 866 866 368","+84866866368","ChIJewPOWA2tNTERsLZf58hZ0RQ",,,,"10000",,"37",,"61","26","17","11","4","3","2026-10-05T19:56:53.400Z","https://www.google.com/maps/search/s%C3%A2n%20c%E1%BA%A7u%20l%C3%B4ng%20c%E1%BA%A7u%20gi%E1%BA%A5y%20h%C3%A0%20n%E1%BB%99i/@20.83416724487634,106.92640321255267,9z?hl=en","sân cầu lông cầu giấy hà nội",,"Thanh Xuan, Ha Noi","27 Đ. Lê Văn Lương",,"false","Sân cầu lông Phúc Long - 27 Lê Văn Lương","3.7","https://www.google.com/maps/search/?api=1&query=S%C3%A2n%20c%E1%BA%A7u%20l%C3%B4ng%20Ph%C3%BAc%20Long%20-%2027%20L%C3%AA%20V%C4%83n%20L%C6%B0%C6%A1ng&query_place_id=ChIJewPOWA2tNTERsLZf58hZ0RQ","true","https://datlich.alobo.vn/san/sport_san_cau_long_phuc_long_27_le_van_luong"
,,,,,,,,,,,,,,,,,,,,,,,,,,,,,,,,,,,,,,,,,,,,,,,,,,,,,,,,,,,,,,,,,,,,,,,,,,,,,,,,,,,,,,,,,,,,,,,,,,,,,,,,,,,,,,,,,,,,,,,,,,,,,,,,,,,,,,,,,,,,,,,,,,,,,,,,,,,,,,,,,,,,,,,,,,,,,,,,,,,,,,,,,,,,,,,,,,,,,,,,,,,,,,,,,,,,,,,,,,,,,,,,,,,,,,,,,,,,,,,,"43/26 P. Doãn Kế Thiện, Tổ Dân Phố Số 18, Phú Diễn, Hà Nội, Vietnam",,"Adaptive sports center",,,,,,,,,,"Adaptive sports center",,,"9485021479808745138","Ha Noi","true","VN",,"0x31345500706e321b:0x83a190c836f33eb2",,,,,"https://lh3.googleusercontent.com/gps-cs-s/ANWiy9S67Q8kSrDbCsgIyK8VB4Lz27SxFyPI6yLIFVK4nnXwZp-HPUL03gyOvKzOIeaQV6Ift7pYpA8Pbn00TLEl4ChfIurhwvuF779U9RkQ9I41UsthDQC6_YBUu8oPjOvfc9eh8PWN=w408-h306-k-no","4","false","/g/11vl_t5987","en",,"21.0399132","105.7788995",,"Tổ Dân Phố Số 18, Phu Dien","Monday","Open 24 hours","Tuesday","Open 24 hours","Wednesday","Open 24 hours","Thursday","Open 24 hours","Friday","Open 24 hours","Saturday","Open 24 hours","Sunday","Open 24 hours",,"false","+84 979 882 699","+84979882699","ChIJGzJucABVNDERsj7zNsiQoYM",,,,,,"38",,"6","2","1","3","0","0","2026-10-05T19:56:53.400Z","https://www.google.com/maps/search/s%C3%A2n%20c%E1%BA%A7u%20l%C3%B4ng%20c%E1%BA%A7u%20gi%E1%BA%A5y%20h%C3%A0%20n%E1%BB%99i/@20.83416724487634,106.92640321255267,9z?hl=en","sân cầu lông cầu giấy hà nội",,"Phu Dien, Ha Noi","43/26 P. Doãn Kế Thiện",,"false","Sân cầu lông, trường Cao đẳng Thương mại & Du lịch Hà Nội","2.8","https://www.google.com/maps/search/?api=1&query=S%C3%A2n%20c%E1%BA%A7u%20l%C3%B4ng%2C%20tr%C6%B0%E1%BB%9Dng%20Cao%20%C4%91%E1%BA%B3ng%20Th%C6%B0%C6%A1ng%20m%E1%BA%A1i%20%26%20Du%20l%E1%BB%8Bch%20H%C3%A0%20N%E1%BB%99i&query_place_id=ChIJGzJucABVNDERsj7zNsiQoYM","true",
,,,,,,,,,,,,,,,,,,,,,,,,,,,,,,,,,,,,,,,,,,,,,,,,,,,,,,,,,,,,,,,,,,,,,,,,,,,,,,,,,,,,,,,,,,,,,,,,,,,,,,,,,,,,,,,,,,,,,,,,,,,,,,,,,,,,,,,,,,,,,,,,,,,,,,,,,,,,,,,,,,,,,,,,,,,,,,,,,,"true",,,,,"true",,,,,,,,"true","true",,,,,,,,,,,,,,,,,,,,,,,,,,,,,,,,,,,,,,,,,,,,,,,,"236 Mỹ Đình, P, Từ Liêm, Hà Nội 100000, Vietnam","11331509462455194142","Sportswear store",,,,,,,,,,"Sportswear store",,,"13593396024218204555","Ha Noi","false","VN",,"0x313455853f767f67:0xbca571a9c2bbb98b",,,,,"https://lh3.googleusercontent.com/gps-cs-s/ANWiy9SDaKMKXnro8MQauVbPqTH7X9b8fgWps2bBsSxp9mZPhxq-2s16SwSa9YbUBN5kWJTl3TllUd_I8UewO9ltiItbTx12e4LLbjdP7OhFDuF6b6hh2xv3WvjW3xCPK-bIJ0doR25Y=w408-h344-k-no","104","false","/g/11sts57gsy","en",,"21.0271142","105.773318",,"P, Tu Liem","Monday","9 AM to 7 PM","Tuesday","9 AM to 7 PM","Wednesday","9 AM to 7 PM","Thursday","9 AM to 7 PM","Friday","9 AM to 7 PM","Saturday","9 AM to 7 PM","Sunday","9 AM to 7 PM",,"false","+84 814 010 188","+84814010188","ChIJZ392P4VVNDERi7m7wqlxpbw",,,,"100000",,"39",,"394","383","2","6","1","2","2026-10-05T19:56:53.400Z","https://www.google.com/maps/search/s%C3%A2n%20c%E1%BA%A7u%20l%C3%B4ng%20c%E1%BA%A7u%20gi%E1%BA%A5y%20h%C3%A0%20n%E1%BB%99i/@20.83416724487634,106.92640321255267,9z?hl=en","sân cầu lông cầu giấy hà nội",,"Tu Liem, Ha Noi","236 Mỹ Đình",,"false","Thế Giới Cầu Lông Mỹ Đình","4.9","https://www.google.com/maps/search/?api=1&query=Th%E1%BA%BF%20Gi%E1%BB%9Bi%20C%E1%BA%A7u%20L%C3%B4ng%20M%E1%BB%B9%20%C4%90%C3%ACnh&query_place_id=ChIJZ392P4VVNDERi7m7wqlxpbw","false","https://thegioicaulong.vn/"
,,,,,,,,,,,,,,,,,,,,,,,,,,,,,,,,,,,,,,,,,,"true",,,,,,,,,,,,,,,,,,,,,,,,,,,,,,,,,,,,,,,,,,,,,,,,,,,,,,,,,,,,,,,,,,,,,,,,,,,,,,,,,,,,,,,,,,,,,,,,,,,,,,,,,,,,,,,,,,,,,,,,,,,,,,,,,,,,,,,,,,,,,,,,,,,,,,,,,,,,,,,,,,,,,,,,,,,,,,,,,,,,,,,,,,,,,,,,,,,,,,"Trường Cao Đẳng Thương Mại & Du Lịch, 9 Đ. Phạm Văn Đồng, Phú Diễn, Hà Nội 100000, Vietnam","8141716208178921152","Badminton club",,,,,,,,,,"Badminton club",,,"16977488144617817033","Ha Noi","false","VN",,"0x3135abb9691df1cf:0xeb9c27845659c3c9",,,,,"https://streetviewpixels-pa.googleapis.com/v1/thumbnail?panoid=tZbXh_y6EpAVBpqAEmu9qg&cb_client=search.gws-prod.gps&w=408&h=240&yaw=221.42027&pitch=0&thumbfov=100","1","false","/g/11kqtnlh49","en",,"21.0397286","105.7800855",,"Phu Dien",,,,,,,,,,,,,,,,"false","+84 981 080 999","+84981080999","ChIJz_EdabmrNTERycNZVoQnnOs",,,,"100000",,"41",,"2","2","0","0","0","0","2026-10-05T19:56:54.117Z","https://www.google.com/maps/search/s%C3%A2n%20c%E1%BA%A7u%20l%C3%B4ng%20c%E1%BA%A7u%20gi%E1%BA%A5y%20h%C3%A0%20n%E1%BB%99i/@20.83416724487634,106.92640321255267,9z?hl=en","sân cầu lông cầu giấy hà nội",,"Phu Dien, Ha Noi","Trường Cao Đẳng Thương Mại & Du Lịch, 9 Đ. Phạm Văn Đồng",,"false","1991 Badminton - Lớp Học Cầu Lông Tại Hà nội","5","https://www.google.com/maps/search/?api=1&query=1991%20Badminton%20-%20L%E1%BB%9Bp%20H%E1%BB%8Dc%20C%E1%BA%A7u%20L%C3%B4ng%20T%E1%BA%A1i%20H%C3%A0%20n%E1%BB%99i&query_place_id=ChIJz_EdabmrNTERycNZVoQnnOs",,"https://1991badminton.com/"
,,,,"true",,,,,,,,,,,,,,,,,,,,,,,,,,,,,,,,,,,,,,"true",,,,,,,,,,,,,,,,,,,,,,,,,,,,,,,,,,,,,,,,,,,,,,,,,,,,,,,,,,,,,,,,,,,,,,,,,,,,,,,,,,,,,,,,,,,,,,,,,,,,,,,,,,,,,,,,,,,,,,,,,,,,,,,,,,,,,,,,,,,,,,,,,,,,,,,,,,,,,,,,,,,,,,,,,,,,,,,,,,,,,,,,,,,,,,,,,,,,,,"Sân bóng Đại học Ngoại ngữ, Trường Đại học Ngoại ngữ, Cầu Giấy, Hà Nội, Vietnam",,"Stadium",,,,,,,,,,"Stadium",,,"6709316189804003515","Ha Noi","true","VN",,"0x313454cad53f6409:0x5d1c4786f30b80bb",,,,,"https://lh3.googleusercontent.com/gps-cs-s/ANWiy9STMQe-lsZHqt3kVtxXfjYocBa2dCimFAYTxsLbKXEgm-T-lUJbR4NOMVF7euGqQ1wRLFlGjg-KSYzXWw-pco_TzpAsyZf2IuVlb9P4nkqf8U0Rpavme1_IJMqD2RdvsjJAts1-=w408-h544-k-no","283","false","/g/11bzscs9_t","en",,"21.0399045","105.7821779",,"Cau Giay",,,,,,,,,,,,,,,,"false","","","ChIJCWQ_1cpUNDERu4AL84ZHHF0",,,,,,"42",,"306","183","60","15","39","9","2026-10-05T19:56:54.117Z","https://www.google.com/maps/search/s%C3%A2n%20c%E1%BA%A7u%20l%C3%B4ng%20c%E1%BA%A7u%20gi%E1%BA%A5y%20h%C3%A0%20n%E1%BB%99i/@20.83416724487634,106.92640321255267,9z?hl=en","sân cầu lông cầu giấy hà nội",,"Cau Giay, Ha Noi","Sân bóng Đại học Ngoại ngữ, Trường Đại học Ngoại ngữ",,"false","Sân bóng Đại học Quốc Gia Hà Nội","4.3","https://www.google.com/maps/search/?api=1&query=S%C3%A2n%20b%C3%B3ng%20%C4%90%E1%BA%A1i%20h%E1%BB%8Dc%20Qu%E1%BB%91c%20Gia%20H%C3%A0%20N%E1%BB%99i&query_place_id=ChIJCWQ_1cpUNDERu4AL84ZHHF0",,"http://ulis.vnu.edu.vn/"
,,,,,,,,,,,,,,,,,,,,,,,,,,,,,,,,,,,,,,,,,,,,,,,,,,,,,,,,,,,,,,,,,,,,,,,,,,,,,,,,,,,,,,,,,,,,,,,,,,,,,,,,,,,,,,,,,,,,,,,,,,,,,,,,,,,,,,,,,,,,,,,,,,,,,,,,,,,,,,,,,,,,,,,,,,,,,,,,,,,,,,,,,,,,,,,,,,,,,,,,,,,,,,,,,,,,,,,,,,,,,,,,,,,,,,,,,,,,,,,,"12 Khuất Duy Tiến, Thanh Xuân, Hà Nội 11400, Vietnam",,"Badminton court",,,,,,,,,,"Badminton court",,,"7913946895296708222","Ha Noi","true","VN",,"0x3135ad006b93813b:0x6dd3fcc579773e7e",,,,,"https://lh3.googleusercontent.com/gps-cs-s/ANWiy9TYeoURiGhOdqQP8a_LwEFoePCN6M2pKTbK1S7iq6UUcaIS7AsrdJtm44VrI33saVdPUe_qL1WpqfmDC6WJ6aKEsXT63FpRkN14cySuBA45mqm-PaRX3FqoGK-ly_C_GabQp0bgKg=w408-h408-k-no","52","false","/g/11vm3njjcb","en",,"20.994104","105.804787",,"Thanh Xuan","Monday","Open 24 hours","Tuesday","Open 24 hours","Wednesday","Open 24 hours","Thursday","Open 24 hours","Friday","Open 24 hours","Saturday","Open 24 hours","Sunday","Open 24 hours",,"false","+84 964 883 235","+84964883235","ChIJO4GTawCtNTERfj53ecX8020",,,,"11400",,"43",,"112","51","27","17","11","6","2026-10-05T19:56:54.117Z","https://www.google.com/maps/search/s%C3%A2n%20c%E1%BA%A7u%20l%C3%B4ng%20c%E1%BA%A7u%20gi%E1%BA%A5y%20h%C3%A0%20n%E1%BB%99i/@20.83416724487634,106.92640321255267,9z?hl=en","sân cầu lông cầu giấy hà nội",,"Thanh Xuan, Ha Noi","12 Khuất Duy Tiến",,"false","Sân cầu lông 12 Khuất Duy Tiến","3.8","https://www.google.com/maps/search/?api=1&query=S%C3%A2n%20c%E1%BA%A7u%20l%C3%B4ng%2012%20Khu%E1%BA%A5t%20Duy%20Ti%E1%BA%BFn&query_place_id=ChIJO4GTawCtNTERfj53ecX8020","true",
,,,,,,,,,,,,,,,,,,,,,,,,,,,,,,,,,,,,,,,,,,,,,,,,,,,,,,,,,,,,,,,,,,,,,,,,,,,,,,,,,,,,,,,,,,,,,,,,,,,,,,,,,,,,,,,,,,,,,,,,,,,,,,,,,,,,,,,,,,,,,,,,,,,,,,,,,,,,,,,,,,,,,,,,,,,,,,,,,,,,,,,,,,,,,,,,,,,,,,,,,,,,,,,,,,,,,,,,,,,,,,,,,,,,,,,,,,,,,,,,"17 Ngõ 134 Quan Nhân, Thanh Xuân, Hà Nội, Vietnam",,"Athletic field",,,,,,,,,,"Athletic field",,,"14771257622497967640","Ha Noi","true","VN",,"0x3135ac9ece80ae73:0xccfe0c8bd2c5be18",,,,,"https://lh3.googleusercontent.com/gps-cs-s/ANWiy9T7z7TULH80sedpI2s-Cw4KUlcSCBMqbptxcp5ukXNJuKZ5xxiXwIrnJIk53xuvWcH-5Ph60cwbxpxsCvIO6jRYaQXkX3sTkVAcQcjLIeCbUbA2DGGMoc0SxLdEeEMmf_e6T_K_=w408-h544-k-no","3","false","/g/11h7s411xz","en",,"21.0056035","105.8109355",,"Thanh Xuan",,,,,,,,,,,,,,,,"false","","","ChIJc66Azp6sNTERGL7F0osM_sw",,,,,,"44",,"12","2","2","5","2","1","2026-10-05T19:56:54.117Z","https://www.google.com/maps/search/s%C3%A2n%20c%E1%BA%A7u%20l%C3%B4ng%20c%E1%BA%A7u%20gi%E1%BA%A5y%20h%C3%A0%20n%E1%BB%99i/@20.83416724487634,106.92640321255267,9z?hl=en","sân cầu lông cầu giấy hà nội",,"Thanh Xuan, Ha Noi","17 Ngõ 134 Quan Nhân",,"false","Sân Cầu Lông Quan Nhân","2.6","https://www.google.com/maps/search/?api=1&query=S%C3%A2n%20C%E1%BA%A7u%20L%C3%B4ng%20Quan%20Nh%C3%A2n&query_place_id=ChIJc66Azp6sNTERGL7F0osM_sw",,
,,"true",,,,,,,,,,,,,,,,,,,,,,,,,,,,,,,,,,,,,,,,,,,,,,,,,,,,,,,,,,,,,,,,,,,,,,,,,,,,,,,,,,,,,,,,,,,,,,,,,,,,,,,,,,,,,,,,,,,,,,,,,,,,,,,,,,,,,,,,,,,,,,,,,,,,,,,,,,,,,,,,,,,,,,,,,,,,,,,,"true",,,,,,,,,,,,,"true","true",,,,,,,"true",,,,,,,,,,,,,,,,,,,,,,,,,,,,,,,,,,,,,,,,,"152 P. Nguyễn Đình Hoàn, Nghĩa Đô, Hà Nội 10000, Vietnam","15881247019649162233","Outdoor sports store",,,,,,,,,,"Outdoor sports store",,,"11526356788748546601","Ha Noi","false","VN",,"0x3135abaae982bc45:0x9ff5d86e1bc4f229",,,,,"https://lh3.googleusercontent.com/gps-cs-s/AHRPTWmK--LPe-JFA1ryVIR6_qbfg7qWjnRUkuvYDRJ05Rn3U58dGWQhMo2a9RYA70SNATE5PWXjROHJeYo59xG4q_uo-iuSdlMjdj6FVIrC4zH19qdVl-kOi2gyDZK6CHw5F9BVZxey=w408-h544-k-no","51","false","/g/11hjxs2vpr","en",,"21.0410404","105.8051976",,"Nghia Do","Monday","Open 24 hours","Tuesday","Open 24 hours","Wednesday","Open 24 hours","Thursday","Open 24 hours","Friday","Open 24 hours","Saturday","Open 24 hours","Sunday","Open 24 hours",,"false","+84 967 979 198","+84967979198","ChIJRbyC6aqrNTERKfLEG27Y9Z8",,,,"10000",,"45",,"4","4","0","0","0","0","2026-10-05T19:56:54.117Z","https://www.google.com/maps/search/s%C3%A2n%20c%E1%BA%A7u%20l%C3%B4ng%20c%E1%BA%A7u%20gi%E1%BA%A5y%20h%C3%A0%20n%E1%BB%99i/@20.83416724487634,106.92640321255267,9z?hl=en","sân cầu lông cầu giấy hà nội",,"Nghia Do, Ha Noi","152 P. Nguyễn Đình Hoàn",,"false","Băng cơ thể thao","5","https://www.google.com/maps/search/?api=1&query=B%C4%83ng%20c%C6%A1%20th%E1%BB%83%20thao&query_place_id=ChIJRbyC6aqrNTERKfLEG27Y9Z8","true",
,,,,,,,,,,,,,,,,,,,,,,,,,,,,,,,,,,,,,,,,,,,,,,,,,,,,,,,,,,,,,,,,,,,,,,,,,,,,,,,,,,,,,,,,,,,,,,,,,,,,,,,,,,,,,,,,,,,,,,,,,,,,,,,,,,,,,,,,,,,,,,,,,,,,,,,,,,,,,,,,,,,,,,,,,,,,,,,,,,,,,,,,,,,,,,,,,,,,,,,,,,,,,,,,,,,,,,,,,,,,,,,,,,,,,,,,,,,,,,,,"2RP2+PF2, Nghĩa Đô, Hà Nội, Vietnam",,"Badminton complex",,,,,,,,,,"Badminton complex",,,"11135144064113782055","Ha Noi","true","VN",,"0x3135ab862a3fc5e1:0x9a87fa87a04d2d27",,,,,"https://streetviewpixels-pa.googleapis.com/v1/thumbnail?panoid=S41lOgP2m6kQPzoblf1JSA&cb_client=search.gws-prod.gps&w=408&h=240&yaw=229.20285&pitch=0&thumbfov=100","1","false","/g/11nwmmjmnl","en",,"21.0367702","105.8011445",,"Nghia Do","Monday","Closed","Tuesday","Closed","Wednesday","7:30 to 9:30 PM","Thursday","Closed","Friday","7:30 to 9:30 PM","Saturday","Closed","Sunday","Closed",,"false","+84 916 583 708","+84916583708","ChIJ4cU_KoarNTERJy1NoIf6h5o",,,,,,"46",,,,,,,,"2026-10-05T19:56:54.117Z","https://www.google.com/maps/search/s%C3%A2n%20c%E1%BA%A7u%20l%C3%B4ng%20c%E1%BA%A7u%20gi%E1%BA%A5y%20h%C3%A0%20n%E1%BB%99i/@20.83416724487634,106.92640321255267,9z?hl=en","sân cầu lông cầu giấy hà nội",,"Nghia Do, Ha Noi","2RP2+PF2",,"false","Greenwich Badminton Club",,"https://www.google.com/maps/search/?api=1&query=Greenwich%20Badminton%20Club&query_place_id=ChIJ4cU_KoarNTERJy1NoIf6h5o","false",
,,,,,,,,,,,,,,,,,,,,,,,,,,,,,,,,,,,,,,,,,,,,,,,,,,,,,,,,,,,,,,,,,,,,,,,,,,,,,,,,,,,,,,,,,,,,,,,,,,,,,,,,,,,,,,,,,,,,,,,,,,,,,,,,,,,,,,,,,,,,,,,,,,,,,,,,,,,,,,,,,,,,,,,,,,,,,,,,,,,,,,,,,,,,,,,,,,,,,,,,,,,,,,,,,,,,,,,,,,,,,,,,,,,,,,,,,,,,,,,,"266 P. Vũ Hữu, Thanh Xuân, Hà Nội, Vietnam","12004978062597209348","Badminton court",,,,,,,,,,"Badminton court",,,"2244846296859703362","Ha Noi","false","VN",,"0x3135acba2b2cb9fd:0x1f274bd033ac7842",,,,,"https://lh3.googleusercontent.com/gps-cs-s/ANWiy9TyZ9LQhWqHvMnLu-ILgZnH6jbtp18zIJ_BHlY7xVStJ1wH7uU1QtZkwllSHkqY0SYagi08YYNBCIy6pc2P_Xew-vH4scKDngv3KSqwHCBaOAqYfAzDMMMTR7EHLUxxEiJlQ4R1N1wt_lQ=w426-h240-k-no","15","false","/g/11j00s0hs1","en",,"20.994941","105.7954179",,"Thanh Xuan","Monday","5 AM to 10 PM","Tuesday","5 AM to 10 PM","Wednesday","5 AM to 10 PM","Thursday","5 AM to 10 PM","Friday","5 AM to 10 PM","Saturday","5 AM to 10 PM","Sunday","5 AM to 10 PM",,"false","+84 962 951 904","+84962951904","ChIJ_bksK7qsNTERQnisM9BLJx8",,,,,,"49",,"30","16","5","7","2","0","2026-10-05T19:56:54.117Z","https://www.google.com/maps/search/s%C3%A2n%20c%E1%BA%A7u%20l%C3%B4ng%20c%E1%BA%A7u%20gi%E1%BA%A5y%20h%C3%A0%20n%E1%BB%99i/@20.83416724487634,106.92640321255267,9z?hl=en","sân cầu lông cầu giấy hà nội",,"Thanh Xuan, Ha Noi","266 P. Vũ Hữu",,"false","Sân Cầu Lông Vũ Hữu","3.8","https://www.google.com/maps/search/?api=1&query=S%C3%A2n%20C%E1%BA%A7u%20L%C3%B4ng%20V%C5%A9%20H%E1%BB%AFu&query_place_id=ChIJ_bksK7qsNTERQnisM9BLJx8","false","https://sieuthicaulong.vn/san-cau-long/ha-noi/san-cau-long-vu-huu-thanh-xuan-ha-noi"
,,,,,,,,,,,,,,,,,,,,,,,,,,,,,,,,,,,,,,,,,,"true",,,,,,,,,,,,,,,,,,,,,,,,,,,,,,,,,,,,,,,,,,,,,,,,,,,,,,,,,,,,,,,,,,,,,,,,,,,,,,,,,,,,,,,,,,,,,,,,,,,,,,,,,,,,,,,,,,,,,,,,,,,,,,,,,,,,,,,,,,,,,,,,,,,,,,,,,,,,,,,,,,,,,,,,,,,,,,,,,,,,,,,,,,,,,,,,,,,,,,"Đ. Xuân Thủy, Cầu Giấy, Hà Nội, Vietnam","11514179399428689800","Tennis club",,,,,,,,,,"Tennis club",,,"17208948510667615354","Ha Noi","false","VN",,"0x3135ab4bdcf97bd5:0xeed2777e5854ac7a",,,,,"https://lh3.googleusercontent.com/gps-cs-s/ANWiy9QMxidhNR3cxdcgVM_XkBVE9kbqUGW5N0py4i0rzK-JQ-5llkdCqiTDggQld5SfJ1PdcURIEwiHFyEOsRunEGZllkLJjSHVwprSQwctT4q9w8BixOU4klIuCs6hHNg63eIGBBMB=w408-h544-k-no","17","false","/g/11jzplypqy","en",,"21.0389839","105.7847677",,"Cau Giay","Monday","5 AM to 12 AM","Tuesday","5 AM to 12 AM","Wednesday","5 AM to 12 AM","Thursday","5 AM to 12 AM","Friday","5 AM to 12 AM","Saturday","5 AM to 12 AM","Sunday","5 AM to 12 AM",,"false","+84 987 459 328","+84987459328","ChIJ1Xv53EurNTEReqxUWH530u4",,,,,,"50",,"7","3","1","0","2","1","2026-10-05T19:56:54.117Z","https://www.google.com/maps/search/s%C3%A2n%20c%E1%BA%A7u%20l%C3%B4ng%20c%E1%BA%A7u%20gi%E1%BA%A5y%20h%C3%A0%20n%E1%BB%99i/@20.83416724487634,106.92640321255267,9z?hl=en","sân cầu lông cầu giấy hà nội",,"Cau Giay, Ha Noi","Đ. Xuân Thủy",,"false","Sân Tennis Đại Học Sư Phạm Hà Nội","3.9","https://www.google.com/maps/search/?api=1&query=S%C3%A2n%20Tennis%20%C4%90%E1%BA%A1i%20H%E1%BB%8Dc%20S%C6%B0%20Ph%E1%BA%A1m%20H%C3%A0%20N%E1%BB%99i&query_place_id=ChIJ1Xv53EurNTEReqxUWH530u4","false",
,,,,,,,,,,,,,,,,,,,,,,,,,,,,,,,,,,,,,,,,,,,,,,,,,,,,,,,,,,,,,,,,,,,,,,,,,,,,,,,,,,,,,,,,,,,,,,,,,,,,,,,,,,,,,,,,,,,,,,,,,,,,,,,,,,,,,,,,,,,,,,,,,,,,,,,,,,,,,,,,,,,,,,,,,,,,,,,,,,,,,,,,,,,,,,,,,,,,,,,,,,,,,,,,,,,,,,,,,,,,,,,,,,,,,,,,,,,,,,,,"Viện khoa học và kỹ thuật hạt nhân - INST, Hoàng Quốc Việt, Nghĩa Đô, Hà Nội, Vietnam",,"Badminton complex",,,,,,,,,,"Badminton complex",,,"456900363544454969","Ha Noi","true","VN",,"0x3135ab3b6ab37eed:0x6573c75bad06739",,,,,"https://streetviewpixels-pa.googleapis.com/v1/thumbnail?panoid=tVYqXfsaMg44jF3u41D5wg&cb_client=search.gws-prod.gps&w=408&h=240&yaw=140.40268&pitch=0&thumbfov=100","1","false","/g/11btmqkd9d","en",,"21.0456745","105.7982198",,"Nghia Do",,,,,,,,,,,,,,,,"false","","","ChIJ7X6zajurNTEROWfQunU8VwY",,,,,,"51",,,,,,,,"2026-10-05T19:56:54.117Z","https://www.google.com/maps/search/s%C3%A2n%20c%E1%BA%A7u%20l%C3%B4ng%20c%E1%BA%A7u%20gi%E1%BA%A5y%20h%C3%A0%20n%E1%BB%99i/@20.83416724487634,106.92640321255267,9z?hl=en","sân cầu lông cầu giấy hà nội",,"Nghia Do, Ha Noi","Viện khoa học và kỹ thuật hạt nhân - INST, Hoàng Quốc Việt",,"false","Military Institute of Technology Tennis Court",,"https://www.google.com/maps/search/?api=1&query=Military%20Institute%20of%20Technology%20Tennis%20Court&query_place_id=ChIJ7X6zajurNTEROWfQunU8VwY",,
,,,,,,,,,,,,,,,,,,,,,,,,,,,,,,,,,,,,,,,,,,,,,,,,,,,,,,,,,,,,,,,,,,,,,,,,,,,,,,,,,,,,,,,,,,,,,,,,,,,,,,,,,,,,,,,,,,,,,,,,,,,,,,,,,,,,,,,,,,,,,,,,,,,,,,,,,,,,,,,,,,,,,,,,,,,,,,,,,,,,,,,,,,,,,,,,,,,,"true",,,,,,,,,,,,,,,,,,,,,,,,,,,,,,,,,,,,,,,,,,,,"Sâu trong, Ng. 78 Đ. Võ Chí Công, Bái Ân, Tây Hồ, Hà Nội, Vietnam","8850035848465648580","Pickleball court",,,,,,,,,,"Pickleball court",,,"5097313784238668973","Ha Noi","false","VN",,"0x3135abdc6b358ccf:0x46bd4be14a3f7cad",,,,,"https://lh3.googleusercontent.com/gps-cs-s/ANWiy9ST8VARu1PuT7JhQGQdhPlnrK8iq2DXeYCvnpmmwI1duqTPfQsNvDu4DXKD06kcGse3aB7nTLU_PB0LtHACLB8t2SzG4olwHy6d0ICAfOfYvf-lr8H_J_CeWAD94y2anuMMSYPBWw=w408-h306-k-no","48","false","/g/11jx6c3p5s","en",,"21.0503963","105.8053974",,"Bái Ân, Tay Ho",,,,,,,,,,,,,,,,"false","+84 904 694 068","+84904694068","ChIJz4w1a9yrNTERrXw_SuFLvUY",,,,,,"54",,"9","8","0","0","1","0","2026-10-05T19:56:54.117Z","https://www.google.com/maps/search/s%C3%A2n%20c%E1%BA%A7u%20l%C3%B4ng%20c%E1%BA%A7u%20gi%E1%BA%A5y%20h%C3%A0%20n%E1%BB%99i/@20.83416724487634,106.92640321255267,9z?hl=en","sân cầu lông cầu giấy hà nội",,"Tay Ho, Ha Noi","Sâu trong, Ng. 78 Đ. Võ Chí Công",,"false","Sân Pick tổ 16 phường Tây Hồ","4.8","https://www.google.com/maps/search/?api=1&query=S%C3%A2n%20Pick%20t%E1%BB%95%2016%20ph%C6%B0%E1%BB%9Dng%20T%C3%A2y%20H%E1%BB%93&query_place_id=ChIJz4w1a9yrNTERrXw_SuFLvUY",,
,,,,,,,,,,,,,,,,,,,,,,,,,,,,,,,,,,,,,,,,,,,,,,,,,,,,,,,,,,,,,,,,,,,,,,,,,,,,,,,,,,,,,,,,,,,,,,,,,,,,,,,,,,,,,,,,,,,,,,,,,,,,,,,,,,,,,,,,,,,,,,,,,,,,,,,,,,,,,,,,,,,,,,,,,,,,,,,,,,,,,,,,,,,,,,,,,,,,,,,,,,,,,,,,,,,,,,,,,,,,,,,,,,,,,,,,,,,,,,,,"Phạm Tu, Thanh Liệt, Hà Nội 100000, Vietnam","4667044250759495822","Badminton court","Athletic park",,,,,,,,,"Badminton court",,,"3857015961284350841","Ha Noi","false","VN",,"0x3135ad004864b4e7:0x3586df94d95d9379",,,,,"https://lh3.googleusercontent.com/grass-cs/ACvplmOkfKZ8mjrQAqJ1NRKlCk9ZYZRb4tgXBVCku6jVVECAaNSD0CBp_l8vGY1P2nOVNNCZCw9FCVFPmWTl39ZJNn1lZkw3niGra0ApL1NVnTHiq40jm_boeNCla86for-Uy9CdjboMk71TWDzp=w426-h240-k-no","25","false","/g/11ydwfyt1g","en",,"20.9679016","105.8065638",,"Thanh Liet","Monday","Open 24 hours","Tuesday","Open 24 hours","Wednesday","Open 24 hours","Thursday","Open 24 hours","Friday","Open 24 hours","Saturday","Open 24 hours","Sunday","Open 24 hours",,"false","+84 966 695 882","+84966695882","ChIJ57RkSACtNTEReZNd2ZTfhjU",,,,"100000",,"5",,"90","70","5","13","1","1","2026-10-05T19:57:15.378Z","https://www.google.com/maps/search/s%C3%A2n%20c%E1%BA%A7u%20l%C3%B4ng%20c%E1%BA%A7u%20gi%E1%BA%A5y%20h%C3%A0%20n%E1%BB%99i/@20.847119220822425,105.65449565,12z?hl=en","sân cầu lông cầu giấy hà nội",,"Thanh Liet, Ha Noi","Phạm Tu",,"false","Sân Cầu Lông Phạm Tu Badminton","4.3","https://www.google.com/maps/search/?api=1&query=S%C3%A2n%20C%E1%BA%A7u%20L%C3%B4ng%20Ph%E1%BA%A1m%20Tu%20Badminton&query_place_id=ChIJ57RkSACtNTEReZNd2ZTfhjU","true",
,,,,,,,,,,,,,,,,,,,,,,,,,,,,,,,,,,,,,,,,,,,,,,,,,,,,,,,,,,,,,,,,,,,,,,,,,,,,,,,,,,,,,,,,,,,,,,,,,,,,,,,,,,,,,,,,,,,,,,,,,,,,,,,,,,,,,,,,,,,,,,,,,,,,,,,,,,,,,,,,,,,,,,,,,,,,,,,,,,,,,,,,,,,,,,,,,,,,,,,,,,,,,,,,,,,,,,,,,,,,,,,,,,,,,,,,,,,,,,,,"XQ9G+6H5, Lê Hồng Phong, Hà Đông, Hà Nội, Vietnam",,"Soccer field",,,,,,,,,,"Soccer field",,,"285527700224805982","Ha Noi","true","VN",,"0x3134532a041421ad:0x3f665ee396f0c5e",,,,,"https://lh3.googleusercontent.com/grass-cs/ACvplmOkP83qBHtmLB-49drnoD-oqg9v_AQZI40XHUpEPcrf4xSMx5Ym0EmGYSsM-twVCiIN_8o-uEPwhvseBCJiB-MKgzRMKsj2QfUwI0mgi3fxnp4h_nYN7O0EZZwtX3u0V80rDtJm=w408-h306-k-no","267","false","/g/11c6l9tmm8","en",,"20.9680001","105.776491",,"Ha Dong","Monday","5:30 AM to 11 PM","Tuesday","5:30 AM to 11 PM","Wednesday","5:30 AM to 11 PM","Thursday","5:30 AM to 11 PM","Friday","5:30 AM to 11 PM","Saturday","5:30 AM to 11 PM","Sunday","5:30 AM to 11 PM",,"false","+84 356 525 327","+84356525327","ChIJrSEUBCpTNDERXgxvOe5l9gM",,,,,,"7",,"425","217","99","21","72","16","2026-10-05T19:57:15.378Z","https://www.google.com/maps/search/s%C3%A2n%20c%E1%BA%A7u%20l%C3%B4ng%20c%E1%BA%A7u%20gi%E1%BA%A5y%20h%C3%A0%20n%E1%BB%99i/@20.847119220822425,105.65449565,12z?hl=en","sân cầu lông cầu giấy hà nội",,"Ha Dong, Ha Noi","XQ9G+6H5, Lê Hồng Phong","Sân Bóng Cầu Đơ","false","Hà Cầu Football Field","4.1","https://www.google.com/maps/search/?api=1&query=H%C3%A0%20C%E1%BA%A7u%20Football%20Field&query_place_id=ChIJrSEUBCpTNDERXgxvOe5l9gM","false","https://www.facebook.com/S%C3%A2n-B%C3%B3ng-C%E1%BA%A7u-%C4%90%C6%A1-1603321866602414/"
,,,,,,,,,,,,,,,,,,,,,,,,,,,,,,,,,,,,,,,,,,,,,,,,,,,,,,,,,,,,,,,,,,,,,,,,,,,,,,,,,,,,,,,,,,,,,,,,,,,,,,,,,,,,,,,,,,,,,,,,,,,,,,,,,,,,,,,,,,,,,,,,,,,,,,,,,,,,,,,,,,,,,,,,,,,,,,,,,,,,,,,,,,,,,,,,,,,,,,,,,,,,,,,,,,,,,,,,,,,,,,,,,,,,,,,,,,,,,,,,"Đ. Số 1, Tổng Cục 5, Thanh Liệt, Hà Nội 100000, Vietnam","10165244039874101323","Badminton court",,,,,,,,,,"Badminton court",,,"6589062604775159069","Ha Noi","false","VN",,"0x3135ad53135367cb:0x5b710d87586ef51d",,,,,"https://lh3.googleusercontent.com/grass-cs/ACvplmNdSZaafI4KFbv-oLpdhx7OraSjEoV_NJgtudpbB4SNUm0W0yRoMaoFTCttD33QN4_L66LTNihEaAls6lqr8nmaChbLNVYa257Ok7FM5bp6Z93PTri43KChoI5lyefLP0q3yb8=w408-h544-k-no","247","false","/g/11w8j4q3vd","en",,"20.9676256","105.7991052",,"Tổng Cục 5, Thanh Liet","Monday","6 AM to 12 AM","Tuesday","6 AM to 12 AM","Wednesday","6 AM to 12 AM","Thursday","6 AM to 12 AM","Friday","6 AM to 12 AM","Saturday","6 AM to 12 AM","Sunday","6 AM to 12 AM",,"false","+84 986 907 380","+84986907380","ChIJy2dTE1OtNTERHfVuWIcNcVs",,,,"100000",,"8",,"251","236","12","2","1","0","2026-10-05T19:57:15.378Z","https://www.google.com/maps/search/s%C3%A2n%20c%E1%BA%A7u%20l%C3%B4ng%20c%E1%BA%A7u%20gi%E1%BA%A5y%20h%C3%A0%20n%E1%BB%99i/@20.847119220822425,105.65449565,12z?hl=en","sân cầu lông cầu giấy hà nội",,"Thanh Liet, Ha Noi","Đ. Số 1",,"false","Sân Cầu Lông Vina Badminton - Tổng Cục 5","4.9","https://www.google.com/maps/search/?api=1&query=S%C3%A2n%20C%E1%BA%A7u%20L%C3%B4ng%20Vina%20Badminton%20-%20T%E1%BB%95ng%20C%E1%BB%A5c%205&query_place_id=ChIJy2dTE1OtNTERHfVuWIcNcVs","false",
,,,,,,,,,,,,,,,,,,,,,,,,,,,,,,,,,,,,,,,,,,,,,,,,,,,,,,,,,,,,,,,,,,,,,,,,,,,,,,,,,,,,,,,,,,,,,,,,,,,,,,,,,,,,,,,,,,,,,,,,,,,,,,,,,,,,,,,,,,,,,,,,,,,,,,,,,,,,,,,,,,,,,,,,,,,,,,,,,,,,,,,,,,,,,,,,,,,,,,,,,,,,,,,,,,,,,,,,,,,,,,,,,,,,,,,,,,,,,,,,"chung cư Usilk 101, Khu đô thị Văn Khê, Hà Đông, Hà Nội, Vietnam",,"Badminton court",,,,,,,,,,"Badminton court",,,"8843089299762379799","Ha Noi","true","VN",,"0x313453006612ca6d:0x7ab8f6dd8d64fc17",,,,,"https://lh3.googleusercontent.com/grass-cs/ACvplmMNcCD6sAPbaJV6KV7LnmDeb7Zgi_bTdhQ_FZ7WQHKXTPDUjZUFnX6tYw5kYGnMWXYLjV1yloytN8gFmhw12PgyuqLsoWQMkerLh9aov1Dl6d24YiZu7bMgMPXyWk7gsdGkokGj=w408-h306-k-no","23","false","/g/11wr1m2kym","en",,"20.9737636","105.760755",,"Khu đô thị Văn Khê, Ha Dong","Monday","Open 24 hours","Tuesday","Open 24 hours","Wednesday","Open 24 hours","Thursday","Open 24 hours","Friday","Open 24 hours","Saturday","Open 24 hours","Sunday","Open 24 hours",,"false","+84 383 121 131","+84383121131","ChIJbcoSZgBTNDERF_xkjd32uHo",,,,,,"9",,"23","7","3","10","2","1","2026-10-05T19:57:15.378Z","https://www.google.com/maps/search/s%C3%A2n%20c%E1%BA%A7u%20l%C3%B4ng%20c%E1%BA%A7u%20gi%E1%BA%A5y%20h%C3%A0%20n%E1%BB%99i/@20.847119220822425,105.65449565,12z?hl=en","sân cầu lông cầu giấy hà nội",,"Ha Dong, Ha Noi","chung cư Usilk 101",,"false","Sân cầu lông QVBadminton Usilk","2.8","https://www.google.com/maps/search/?api=1&query=S%C3%A2n%20c%E1%BA%A7u%20l%C3%B4ng%20QVBadminton%20Usilk&query_place_id=ChIJbcoSZgBTNDERF_xkjd32uHo","true","http://qvbadminton.com/"
,,,,,,,,,,,,,,,,,,,,,,,,,,,,,,,,,,,,,,,,,,"true",,,,,,,,,,,,,,,,,,,,,,,,,,,,,,,,,,,,,,,,,,,,,,,,,,,,,,,,,,,,,,,,,,,,,,,,,,,,,,,,,,,,,,,,,,,,,,,,,,,,,,,,,,,,,,,,,,,,,,,,,,,,,,,,,,,,,,,,,,,,,,,,,,,,,,,,,,,,,,,,,,,,,,,,,,,,,,,,,,,,,,,,,,,,,,,,,,,,,,"XVG3+43R, TT3.2, Hoàng Mai, Hà Nội, Vietnam",,"Gym",,,,,,,,,,"Gym",,,"1777940503715935113","Ha Noi","true","VN",,"0x3135ad5af27857a7:0x18ac8377dbc47389",,,,,"https://lh3.googleusercontent.com/grass-cs/AABkmLdg94d7SG7CDGz8B-uGmZ_YwnZ5JatbR3M_IEsIluGPj1DlD-1SAV4kUEuvVb9bzV0Zr1qswlWB28Mn7UFKtLfn5QnRrx2Gj7gg868WxAn_yEoPwcFd_0d_sSAAingLCX4I3QxcfSbNoHXK=w408-h306-k-no","32","false","/g/11k6tzsn8k","en",,"20.9753641","105.8526379",,"Hoang Mai","Monday","Open 24 hours","Tuesday","Open 24 hours","Wednesday","Open 24 hours","Thursday","Open 24 hours","Friday","Open 24 hours","Saturday","Open 24 hours","Sunday","Open 24 hours",,"false","+84 929 988 099","+84929988099","ChIJp1d48lqtNTERiXPE23eDrBg",,,,,,"11",,"33","16","6","0","7","4","2026-10-05T19:57:15.378Z","https://www.google.com/maps/search/s%C3%A2n%20c%E1%BA%A7u%20l%C3%B4ng%20c%E1%BA%A7u%20gi%E1%BA%A5y%20h%C3%A0%20n%E1%BB%99i/@20.847119220822425,105.65449565,12z?hl=en","sân cầu lông cầu giấy hà nội",,"Hoang Mai, Ha Noi","XVG3+43R, TT3.2",,"false","Sân Cầu Lông Khu Đô Thị Ao Sào","4","https://www.google.com/maps/search/?api=1&query=S%C3%A2n%20C%E1%BA%A7u%20L%C3%B4ng%20Khu%20%C4%90%C3%B4%20Th%E1%BB%8B%20Ao%20S%C3%A0o&query_place_id=ChIJp1d48lqtNTERiXPE23eDrBg","true",
,,,,,,,,,,,,,,,,,,,,,,,,,,,,,,,,,,,,,,,,,,,,,,,"true",,"true",,,,,,,,,,,,,,,,,,,,,,,,,,,,,,,,,,,,,,,,,,,,,,,,,,,,,,,,,,,,,,,,,,,,,,,,,,,,,,,,,,,,,,,,,,,,,,,,,,,,,,"true",,,,,,,,,,,,,,,,,,,,,,,,,,,"true",,,,"true",,"true",,,,,,,"true","true",,,,,,"true",,,,,,"true",,,,,,,,,,,,,,,,,,,,,,,,,,,,,,,,,,,,"92 Nguyễn Hữu Thọ, Hoàng Liệt, Hoàng Mai, TP Hà Nội Hà Nội, Định Công, Hà Nội, Vietnam","10617745476163309568","Running store","Athletic club","Badminton club","Outdoor sports store","Sportswear store",,,,,,"Running store",,,"2789641898347494566","Ha Noi","false","VN",,"0x3135adf865907b25:0x26b6cc86c18c7ca6",,,,,"https://lh3.googleusercontent.com/grass-cs/ACvplmOrANdopPDsYQFPMaIf4t-MOvQJxDIdFOzG83OeuMBC7OZJqpWYqZWZGkGBowEv2wFHtKTz473N3Z7iM-mnjXrCO7Vix0m4L6NXoFFTIQVHB3rbywc9bMou9cFlC4nGZqPchhls6yGoRQ=w408-h544-k-no","61","false","/g/11rrs2zfwp","en",,"20.9711312","105.8377085",,"Dinh Cong","Monday","7:30 AM to 9 PM","Tuesday","7:30 AM to 9 PM","Wednesday","7:30 AM to 9 PM","Thursday","7:30 AM to 9 PM","Friday","7:30 AM to 9 PM","Saturday","7:30 AM to 9 PM","Sunday","7:30 AM to 9 PM",,"false","+84 973 482 325","+84973482325","ChIJJXuQZfitNTERpnyMwYbMtiY",,,,,,"12",,"172","141","9","17","4","1","2026-10-05T19:57:15.378Z","https://www.google.com/maps/search/s%C3%A2n%20c%E1%BA%A7u%20l%C3%B4ng%20c%E1%BA%A7u%20gi%E1%BA%A5y%20h%C3%A0%20n%E1%BB%99i/@20.847119220822425,105.65449565,12z?hl=en","sân cầu lông cầu giấy hà nội",,"Dinh Cong, Ha Noi","92 Nguyễn Hữu Thọ, Hoàng Liệt, Hoàng Mai, TP Hà Nội Hà Nội","Shop Cầu Lông Hoàng Mai Hà Nội- VNB Sports","false","VNB Sports - Hệ thống cửa hàng cầu lông, tennis, pickleball","4.5","https://www.google.com/maps/search/?api=1&query=VNB%20Sports%20-%20H%E1%BB%87%20th%E1%BB%91ng%20c%E1%BB%ADa%20h%C3%A0ng%20c%E1%BA%A7u%20l%C3%B4ng%2C%20tennis%2C%20pickleball&query_place_id=ChIJJXuQZfitNTERpnyMwYbMtiY","false","https://shopvnb.com/"
,,,,,,,,,,,,,,,,,,,,,,,,,,,,,,,,,,,,,,,"true",,,,,,,,,,,,,,"true",,,,,,,"true",,,,,,,,,,,,,,,,,,,,,,,,,,,,,,,,,,,,,,,,,,,,,,,,,,,,,,,,,,,,,,,,,,,,,,,,,,,,"true",,,,,,"true",,,,,,,,,"true",,,,,,,,,,"true",,,,,,"true",,,,,,,,,,,,,,,,,,,,,,,,,,,,,"true",,,,,,,,,,,,,,,,,,,,,,,,,,,,,,,,,,,,,,,,,,,,"Đường Đ. Kim Giang, Thanh Liệt, Hà Nội, Vietnam","8659135607094849252","Badminton club","Badminton complex",,,,,,,,,"Badminton club",,,"9199256384626934537","Ha Noi","false","VN",,"0x3135ad0073f4b30b:0x7faa52f12b6ec309",,,,,"https://lh3.googleusercontent.com/grass-cs/ACvplmNnSQmzBPcFKMT6Xin50ItODjLL5D8Eo6muP9bidjmdagdS5e0cMnqO1WPE3eKxyna687bMLsUquKKxI6qecigSfIj4F7AXV-HlmcysKbfUAUFPlIaHsbYMj-ABMhsyqhpjFz_PMw=w408-h306-k-no","203","false","/g/11wwq4kwms","en",,"20.9601976","105.8112963",,"Thanh Liet","Monday","5:30 AM to 11:30 PM","Tuesday","5:30 AM to 11:30 PM","Wednesday","5:30 AM to 11:30 PM","Thursday","5:30 AM to 11:30 PM","Friday","5:30 AM to 11:30 PM","Saturday","5:30 AM to 11:30 PM","Sunday","5:30 AM to 11:30 PM",,"false","+84 856 963 999","+84856963999","ChIJC7P0cwCtNTERCcNuK_FSqn8",,,,,,"14",,"527","515","6","1","3","2","2026-10-05T19:57:15.379Z","https://www.google.com/maps/search/s%C3%A2n%20c%E1%BA%A7u%20l%C3%B4ng%20c%E1%BA%A7u%20gi%E1%BA%A5y%20h%C3%A0%20n%E1%BB%99i/@20.847119220822425,105.65449565,12z?hl=en","sân cầu lông cầu giấy hà nội",,"Thanh Liet, Ha Noi","Đường Đ. Kim Giang",,"false","Fbshop Kim Giang - Sân Cầu Lông Fbshop","5","https://www.google.com/maps/search/?api=1&query=Fbshop%20Kim%20Giang%20-%20S%C3%A2n%20C%E1%BA%A7u%20L%C3%B4ng%20Fbshop&query_place_id=ChIJC7P0cwCtNTERCcNuK_FSqn8","false","https://fbshop.vn/"
,,"false",,,,,,,"false",,,,,,,,,,,,,,,,,,,,,,,,,,,,,,,,,,,,,,,,,,,,,,,,,,,,,,,,,,,,,,,,,,,,,,,,,,,,,,,,,,,,,,,,,,,,,,,,,,,,,,,,,,,,,,,,,,,,,,,,,,,,,,,,,,,,,,,,,,,,,,,,,,,,,,,,,,,,,,,,,,,,,,,,,,,,,,,,,,,,,,,,,,,,,,,,,,,,,,,,,,,,,,,,,,,,,,,,,,,,,,,,,,,,,,,"Ngách 86 Ngõ 286 Nguyễn Xiển, Thanh Liệt, Hà Nội, Vietnam",,"Badminton court",,,,,,,,,,"Badminton court",,,"7601297078762446976","Ha Noi","true","VN",,"0x3135ad0019d556cd:0x697d3b6b73d9a080",,,,,"https://lh3.googleusercontent.com/grass-cs/AABkmLc83wozftYwQNsVc8AAqNoPNUWm5kP-NumLAALP2VZ3OmiOpDlP629gvS7hbWjFU4TW4M1EiByXzvhv9BiKfAaUwMDNeWp44Obeo58zcgjZWBWD8ZEGtiF3eHaM1aidhrisSKc=w408-h306-k-no","23","false","/g/11vwkc546g","en",,"20.985167","105.8062819",,"Thanh Liet","Monday","Open 24 hours","Tuesday","Open 24 hours","Wednesday","Open 24 hours","Thursday","Open 24 hours","Friday","Open 24 hours","Saturday","Open 24 hours","Sunday","Open 24 hours",,"false","+84 528 262 222","+84528262222","ChIJzVbVGQCtNTERgKDZc2s7fWk",,,,,,"19",,"91","55","15","9","6","6","2026-10-05T19:57:15.379Z","https://www.google.com/maps/search/s%C3%A2n%20c%E1%BA%A7u%20l%C3%B4ng%20c%E1%BA%A7u%20gi%E1%BA%A5y%20h%C3%A0%20n%E1%BB%99i/@20.847119220822425,105.65449565,12z?hl=en","sân cầu lông cầu giấy hà nội",,"Thanh Liet, Ha Noi","Ngách 86 Ngõ 286 Nguyễn Xiển",,"false","Sân cầu lông BMC CLUB","4.1","https://www.google.com/maps/search/?api=1&query=S%C3%A2n%20c%E1%BA%A7u%20l%C3%B4ng%20BMC%20CLUB&query_place_id=ChIJzVbVGQCtNTERgKDZc2s7fWk","true",
,,,,"true",,,,,,,,,,,,,,,,,,,,,,,,,,,,,,,,,,,,,,,,,,,,,,,,,,,,,,,,,,,,,,,,,,,,,,,,,,,,,,,,,,,,,,,,,,,,,,,,,,,,,,,,,,,,,,,,,,,,,,,,,,,,,,,,,,,,,,,,,,,,,,,,,,,,,,,,,,,,,,,,,,,,,,,,,,,,,,,,,,,,,,,,,,,,,,,,,,,,,,,,,,,,,,,,,,,,,,,,,,,,,,,,,,,,,,,,,,,,"152 Hoàng Hoa Thám, Bảy Hiền, Hồ Chí Minh 72100, Vietnam","8491626910014917514","Sports club",,,,,,,,,,"Sports club",,,"16798627283738727044","Ho Chi Minh","false","VN",,"0x31752900486cfedd:0xe920b682f96e9284",,,,,"https://lh3.googleusercontent.com/grass-cs/AABkmLd-uxEZAi5QPx417TFP5LhCLv4ckuAVoVQfhIbEq4678fs_FuM_mbB7UbwoCB6bPpOKwQlSx_65DCBN6DOepj_YLHXxuNt9A6F6uxC0r5ilHFjZTdy-POsUNPQ7Vmatre07k4RXWQ=w408-h544-k-no","309","false","/g/11w235c47b","en",,"10.8046692","106.6478741",,"Bay Hien","Monday","5 AM to 11 PM","Tuesday","5 AM to 11 PM","Wednesday","5 AM to 11 PM","Thursday","5 AM to 11 PM","Friday","5 AM to 11 PM","Saturday","5 AM to 11 PM","Sunday","5 AM to 11 PM",,"false","+84 981 819 482","+84981819482","ChIJ3f5sSAApdTERhJJu-YK2IOk",,,,"72100",,"2",,"209","159","15","25","8","2","2026-10-05T19:57:21.852Z","https://www.google.com/maps/search/s%C3%A2n%20c%E1%BA%A7u%20l%C3%B4ng%20c%E1%BA%A7u%20gi%E1%BA%A5y%20h%C3%A0%20n%E1%BB%99i/@10.739573755123661,106.92640321255267,9z?hl=en","sân cầu lông cầu giấy hà nội",,"Bay Hien, Ho Chi Minh","152 Hoàng Hoa Thám",,"false","Sân Cầu lông Hoàng Hoa Thám","4.3","https://www.google.com/maps/search/?api=1&query=S%C3%A2n%20C%E1%BA%A7u%20l%C3%B4ng%20Ho%C3%A0ng%20Hoa%20Th%C3%A1m&query_place_id=ChIJ3f5sSAApdTERhJJu-YK2IOk","false","https://www.facebook.com/profile.php?id=61562199992675"
,,,,,,,,,,,,,,,,,,,,,,,,,,,,,,,,,,,,,,,,,,,,,,,,,,,,,,,,,,,,,,,,,,,,,,,,,,,,,,,,,,,,,,,,,,,,,,,,,,,,,,,,,,,,,,,,,,,,,,,,,,,,,,,,,,,,,,,,,,,,,,,,,,,,,,,,,,,,,,,,,,,,,,,,,,,,,,,,,,,,,,,,,,,,,,,,,,,,,,,,,,,,,,,,,,,,,,,,,,,,,,,,,,,,,,,,,,,,,,,,"9 Nguyễn Văn Siêu, Dĩ An, Hồ Chí Minh, Vietnam","16789234427809017737","Gym",,,,,,,,,,"Gym",,,"4352551670028608172","Ho Chi Minh","false","VN",,"0x3174d855c86f5f8f:0x3c675eaede96a2ac",,,,,"https://lh3.googleusercontent.com/grass-cs/ACvplmNK71pnOD1w1q9d96hSEtQRE3VpN4iZbozkweZ4PWT9zc5zv959FaiLDWXj61yRVUJa57qjRoy_mzNbM2z9tMI5t7Y0y55JEhmfrznLRh_ukiBxcut0kg8k_fkdZAZSrIVOHrka_A=w408-h544-k-no","9","false","/g/11f_11tbx6","en",,"10.9125434","106.7681046",,"Di An","Monday","Open 24 hours","Tuesday","Open 24 hours","Wednesday","Open 24 hours","Thursday","Open 24 hours","Friday","Open 24 hours","Saturday","Open 24 hours","Sunday","Open 24 hours",,"false","+84 973 109 139","+84973109139","ChIJj19vyFXYdDERrKKW3q5eZzw",,,,,,"3",,"51","33","11","0","6","1","2026-10-05T19:57:21.852Z","https://www.google.com/maps/search/s%C3%A2n%20c%E1%BA%A7u%20l%C3%B4ng%20c%E1%BA%A7u%20gi%E1%BA%A5y%20h%C3%A0%20n%E1%BB%99i/@10.739573755123661,106.92640321255267,9z?hl=en","sân cầu lông cầu giấy hà nội",,"Di An, Ho Chi Minh","9 Nguyễn Văn Siêu",,"false","Sân cầu lông Huy Cường","4.5","https://www.google.com/maps/search/?api=1&query=S%C3%A2n%20c%E1%BA%A7u%20l%C3%B4ng%20Huy%20C%C6%B0%E1%BB%9Dng&query_place_id=ChIJj19vyFXYdDERrKKW3q5eZzw","true",
,,,,,,,,,,,,,,,,,,,,,,,,,,,,,,,,,,,,,,,,,,"true",,,,,,,,,,,,,,,,,,,,,,,,,,,,,,,,,,,,,,,,,,,,,,,,,,,,,,,,,,,,,,,,,,,,,,,,,,,,,,,,,,,,,,,,,,,,,,,,,,,,,,,,,,,,,,,,,,,,,,,,,,,,,,,,,,,,,,,,,,,,,,,,,,,,,,,,,,,,,,,,,,,,,,,,,,,,,,,,,,,,,,,,,,,,,,,,,,,,,,"58 P. Tân Phong, Bắc Từ Liêm, Hà Nội, Vietnam","7023674302385026389","Athletic club",,,,,,,,,,"Athletic club",,,"2869585599595320190","Ha Noi","false","VN",,"0x31345500523456fd:0x27d2d0e62c74937e",,,,,"https://lh3.googleusercontent.com/grass-cs/ACvplmOkPZUOyiOxArIQk9rCA5-jxFie_Wgo2j8xoNiYOeFtf8g90N7X8QLSqK3V36Bhk_C3nedps0WYhZBo8nJU4omJjh89grTBkuKIsAJq_18Ml1tIHSn9VULRB-KKHSDUExX0oisplNpuJIg=w408-h306-k-no","11","false","/g/11myf5dd2p","en",,"21.0855836","105.7701132",,"Bac Tu Liem","Monday","Open 24 hours","Tuesday","Open 24 hours","Wednesday","Open 24 hours","Thursday","Open 24 hours","Friday","Open 24 hours","Saturday","Open 24 hours","Sunday","Open 24 hours",,"false","+84 962 426 789","+84962426789","ChIJ_VY0UgBVNDERfpN0LObQ0ic",,,,,,"7",,"16","8","1","5","1","1","2026-10-05T19:57:33.815Z","https://www.google.com/maps/search/s%C3%A2n%20c%E1%BA%A7u%20l%C3%B4ng%20c%E1%BA%A7u%20gi%E1%BA%A5y%20h%C3%A0%20n%E1%BB%99i/@21.10315297917758,105.65449565,12z?hl=en","sân cầu lông cầu giấy hà nội",,"Bac Tu Liem, Ha Noi","58 P. Tân Phong",,"false","Sân Cầu Lông Bắc Từ Liêm","3.4","https://www.google.com/maps/search/?api=1&query=S%C3%A2n%20C%E1%BA%A7u%20L%C3%B4ng%20B%E1%BA%AFc%20T%E1%BB%AB%20Li%C3%AAm&query_place_id=ChIJ_VY0UgBVNDERfpN0LObQ0ic","true",
,,"false",,,,,,,"false",,,,,,,,,,,,,,,,,,,,,,,,,,,,,,,,,"true",,,,,,,,,,,,,,,,,,,,,,,,,,,,,,,,,,,,,,,,,,,,,,,,,,,,,,,,,,,,,,,,,,,,,,,,,,,,,,,,,,,,,,,,,,,,,,,,,,,,,,,,,,,,,,,,,,,,,,,,,,,,,,,,,,,,,,,,,,"true",,,,,,,,,,,"true","true",,,,,,,,,,,,,,,,,,,,,,,,,,,,,,,,,,,,,,,,,,,,,,,,"106B1 P. Tô Hiệu, Khu tập thể Nghĩa Tân, Nghĩa Đô, Hà Nội, Vietnam","16694700563257527626","Sportswear store",,,,,,,,,,"Sportswear store",,,"1692024783153373774","Ha Noi","false","VN",,"0x3135ab4b448caffd:0x177b47935703a24e",,,,,"https://lh3.googleusercontent.com/grass-cs/ACvplmM9ixh6ANWXX27EEWOBG7MDGluxo5H2QMCwDcFsBIvvqbRxSLsDuKZvBP9ceZJDvsgXi1_cLhPDpIap4O3lBTdgUFo92bEGNMfIEhneMPD_fqx_HcleXxYufriQcoo_Ulufq1h_=w408-h312-k-no","98","false","/g/11td5rnbpq","en",,"21.0450974","105.796733",,"Khu tập thể Nghĩa Tân, Nghia Do","Monday","9 AM to 7 PM","Tuesday","9 AM to 7 PM","Wednesday","9 AM to 7 PM","Thursday","9 AM to 7 PM","Friday","9 AM to 7 PM","Saturday","9 AM to 7 PM","Sunday","9 AM to 7 PM",,"false","+84 838 010 188","+84838010188","ChIJ_a-MREurNTERTqIDV5NHexc",,,,,,"19",,"359","350","2","6","1","0","2026-10-05T19:57:33.816Z","https://www.google.com/maps/search/s%C3%A2n%20c%E1%BA%A7u%20l%C3%B4ng%20c%E1%BA%A7u%20gi%E1%BA%A5y%20h%C3%A0%20n%E1%BB%99i/@21.10315297917758,105.65449565,12z?hl=en","sân cầu lông cầu giấy hà nội",,"Nghia Do, Ha Noi","106B1 P. Tô Hiệu",,"false","Hệ Thống Thế Giới Cầu Lông - Chi Nhánh Cầu Giấy","4.9","https://www.google.com/maps/search/?api=1&query=H%E1%BB%87%20Th%E1%BB%91ng%20Th%E1%BA%BF%20Gi%E1%BB%9Bi%20C%E1%BA%A7u%20L%C3%B4ng%20-%20Chi%20Nh%C3%A1nh%20C%E1%BA%A7u%20Gi%E1%BA%A5y&query_place_id=ChIJ_a-MREurNTERTqIDV5NHexc","false","http://thegioicaulong.vn/"
"true",,,,,,,"true",,,,,,,"true",,,,,,,"true",,,,,,,"true",,,,,,,"true",,,,"true",,,,,,,,,,,,,,,,,,,,,,,,,,,,,,,,,,,,,,,,,,,,,,,,,,,,,,,,,,,,,,,,,,,,,,,,,,,,,,,,,,,,,,,,,,,,,,,,,"true",,,,,,"true",,,,,,,,,"true",,,"true","true",,,,,,,,,,,,,,,,,,,,,,,,,,,,,,,,,,,,,,,,,"true",,,,,,,,,,,,,,,,,,,,,,,,,,,,,,,,,,,,,,,,,,,,"286 Nguyễn Xiển, Triều Khúc, Thanh Liệt, Hà Nội 11400, Vietnam","2245326413421669126","Badminton court",,,,,,,,,,"Badminton court",,,"17562219550518591650","Ha Noi","false","VN",,"0x3135ada2a7fd4945:0xf3b989a1f014c0a2",,,,,"https://lh3.googleusercontent.com/gps-cs-s/AHRPTWl16Vt-rR7CuOM4Qdg4K_GPyES1M8aX5ydIoJGhCntYaYsxe-TCuGoX9gSGGFcEPFKClZhjcRBYowkbO9HOUnVVWWBAiKZmct99mGeHPtCoc3trejTRvC08LByJPq5q_pM7a34=w426-h240-k-no","40","false","/g/11w7h46vp2","en",,"20.9836991","105.8041069",,"Triều Khúc, Thanh Liet","Monday","5:30 AM to 11:30 PM","Tuesday","5:30 AM to 11:30 PM","Wednesday","5:30 AM to 11:30 PM","Thursday","5:30 AM to 11:30 PM","Friday","5:30 AM to 11:30 PM","Saturday","5:30 AM to 11:30 PM","Sunday","5:30 AM to 11:30 PM",,"false","+84 964 669 324","+84964669324","ChIJRUn9p6KtNTERosAU8KGJufM",,,,"11400",,"13",,"74","31","11","20","11","1","2026-10-05T19:57:38.087Z","https://www.google.com/maps/search/s%C3%A2n%20c%E1%BA%A7u%20l%C3%B4ng%20c%E1%BA%A7u%20gi%E1%BA%A5y%20h%C3%A0%20n%E1%BB%99i/@20.847119220822425,105.92795582286703,12z?hl=en","sân cầu lông cầu giấy hà nội",,"Thanh Liet, Ha Noi","286 Nguyễn Xiển",,"false","Sân Cầu Lông 1991 Club","3.4","https://www.google.com/maps/search/?api=1&query=S%C3%A2n%20C%E1%BA%A7u%20L%C3%B4ng%201991%20Club&query_place_id=ChIJRUn9p6KtNTERosAU8KGJufM","false","https://www.sancau1991.online/booking"
,,"true",,,,,,,,,,,,,,,,,,,,,,,,,,,,,,,,,,,,,"true",,,,,,,,,,,,,,,,,,,,,,,,,,,,,,,,,,,,,,,,,,,,,,,,,,,,,,,,,,,,,,,,,,,,,,,,,,,,,,,,,,,,,,,,,,,,,,,,,,,,,,,,,,,,,,,,,,,,,,,,,,,,,,,,,,,,,,,,,,,,,,,,,,,,,,,,,,,,,,,,,,,,,,,,,,,,,,,,,,,,,,,,,,,,,,,,,,,,,,,,,"Khu Dịch Vụ Dọc Bún 1, Hà Đông, Hà Nội 100000, Vietnam","17645956457745631556","Badminton court","Badminton club","Badminton complex","Sports complex","Event planner","Event venue","Soccer field","Sports club","Table tennis club","Table tennis facility","Badminton court",,,"12918400574974447949","Ha Noi","false","VN",,"0x3134539164153d17:0xb34760e0d98dd14d",,,,,"https://lh3.googleusercontent.com/gps-cs-s/AHRPTWmpMTuLoaFSjn2k3QBvlALPcaVuyH-plEk4XMscZBd1OKPsb0dtEh-w6TifVHFXCa-exJzMM2Xx_7xOoYYB5YLuIjobrlKY6MtLF6CSxMsXpkmTHQt4qHQU2K2mtzyk5S73sGs=w426-h240-k-no","17","false","/g/11y1ct0vpq","en",,"20.9745646","105.7673904",,"Ha Dong","Monday","5 AM to 10 PM","Tuesday","5 AM to 10 PM","Wednesday","5 AM to 10 PM","Thursday","5 AM to 10 PM","Friday","5 AM to 10 PM","Saturday","5 AM to 10 PM","Sunday","5 AM to 10 PM",,"false","+84 904 587 484","+84904587484","ChIJFz0VZJFTNDERTdGN2eBgR7M",,,,"100000",,"19",,"38","27","7","1","3","0","2026-10-05T19:57:38.087Z","https://www.google.com/maps/search/s%C3%A2n%20c%E1%BA%A7u%20l%C3%B4ng%20c%E1%BA%A7u%20gi%E1%BA%A5y%20h%C3%A0%20n%E1%BB%99i/@20.847119220822425,105.92795582286703,12z?hl=en","sân cầu lông cầu giấy hà nội",,"Ha Dong, Ha Noi","Khu Dịch Vụ Dọc Bún 1",,"false","Trung Tâm Thể Thao Duy Hưng Cơ Sở Hà Đông","4.6","https://www.google.com/maps/search/?api=1&query=Trung%20T%C3%A2m%20Th%E1%BB%83%20Thao%20Duy%20H%C6%B0ng%20C%C6%A1%20S%E1%BB%9F%20H%C3%A0%20%C4%90%C3%B4ng&query_place_id=ChIJFz0VZJFTNDERTdGN2eBgR7M","false","https://datlich.alobo.vn/san/sport_ntd_cau_long_duy_hung"
,,,"true",,,,,,,,"true",,,,,,,,,,,,,,,,,,,,,,,,,,,,,,,,,,,,,,,,,,,,,,,,,,,,,,,,,,,,,,,,,,,,,,,,,,,,,,,,,,,,,,,,,,,,,,,,,,,,,,,,,,,,,,,,,,,,,,,,,,,,,,,,,,,,,,,,,,,,,,,,,,,,,,,,,,,,,,,,,,,,,,,,,,,,,,,,,,,,,,,,,,,,,,,,,,,,,,,,,,,,,,,,,,,,,,,,,,,,,,,,,,,,,"Hẽm 4/198, Hoà Hưng, Hòa Hưng, Hồ Chí Minh 700000, Vietnam","1897996781130607249","Running store","Badminton club","Outdoor sports store","Sports club","Sportswear store",,,,,,"Running store",,,"10776356432543197777","Ho Chi Minh","false","VN",,"0x31752f1bf1771f59:0x958d4f146ebbaa51",,,,,"https://lh3.googleusercontent.com/grass-cs/ACvplmMx6dDCQcgFIU7ymfemj8vu2FaB_p6MY-xhB9sVPwdpFDWx-zOYhcr4go7NgQfmUQbM_9CeshVykRt2JulCRkgviQZDGSErpuRIHr8Fk6N-XoCE1pvsGuiFKvli-ev798zdjHYj=w408-h544-k-no","18","false","/g/11j_7wv0sn","en",,"10.7789437","106.673253",,"Hoa Hung","Monday","8 AM to 8 PM","Tuesday","8 AM to 8 PM","Wednesday","8 AM to 8 PM","Thursday","8 AM to 8 PM","Friday","8 AM to 8 PM","Saturday","8 AM to 8 PM","Sunday","8 AM to 6 PM",,"false","+84 338 000 308","+84338000308","ChIJWR938RsvdTERUaq7bhRPjZU",,,,"700000",,"5",,"49","39","6","4","0","0","2026-10-05T19:58:05.711Z","https://www.google.com/maps/search/s%C3%A2n%20c%E1%BA%A7u%20l%C3%B4ng%20c%E1%BA%A7u%20gi%E1%BA%A5y%20h%C3%A0%20n%E1%BB%99i/@10.780827221482378,106.65542028200238,16z?hl=en","sân cầu lông cầu giấy hà nội",,"Hoa Hung, Ho Chi Minh","Hẽm 4/198, Hoà Hưng",,"false","Vợt cầu lông Yonex","4.6","https://www.google.com/maps/search/?api=1&query=V%E1%BB%A3t%20c%E1%BA%A7u%20l%C3%B4ng%20Yonex&query_place_id=ChIJWR938RsvdTERUaq7bhRPjZU","false","https://shopvnb.com/vot-cau-long-yonex.html"
,,,,,,,,,,,,,,,,,,,,,,,,,,,,,,,,,,,,,,,,,,,,,,,,,,,,,,,,,,,,,,,,,,,,,,,,,,,,,,,,,,,,,,,,,,,,,,,,,,,,,,,,,,,,,,,,,,,,,,,,,,,,,,,,,,,,,,,,,,,,,,,,,,,,,,,,,,,,,,,,,,,,,,,,,,,,,,,,,,,,,,,,,,,,,,,,,,,,,,,,,,,,,,,,,,,,,,,,,,,,,,,,,,,,,,,,,,,,,,,,"113 Trần Đăng Ninh, Cầu Giấy, Hà Nội 100000, Vietnam","3956023398622350899","Running store",,,,,,,,,,"Running store",,,"6352052838826678266","Ha Noi","false","VN",,"0x3135ab1004de1c31:0x58270666fcc697fa",,,,,"https://lh3.googleusercontent.com/gps-cs-s/AHRPTWmzzBnHcvwrQerjknApb9ObZKrf6yDd031mwvvLXVQwA7n33fYCtI2g__0sb0U8N4H8UATxoEhgvsUbBInUxNXLojqrffGWALEc3CqERFC8mK4Ub06R7vDy-GXovwXd7LuJ4d_vCe20IfI=w408-h544-k-no","221","false","/g/11sgdyhvmw","en",,"21.0376863","105.793581",,"Cau Giay","Monday","8:30 AM to 8:30 PM","Tuesday","8:30 AM to 8:30 PM","Wednesday","8:30 AM to 8:30 PM","Thursday","8:30 AM to 8:30 PM","Friday","8:30 AM to 8:30 PM","Saturday","8:30 AM to 8:30 PM","Sunday","8:30 AM to 8:30 PM",,"false","+84 981 831 994","+84981831994","ChIJMRzeBBCrNTER-pfG_GYGJ1g",,,,"100000",,"20",,"804","795","1","6","0","2","2026-10-05T19:59:41.390Z","https://www.google.com/maps/search/s%C3%A2n%20c%E1%BA%A7u%20l%C3%B4ng%20c%E1%BA%A7u%20gi%E1%BA%A5y%20h%C3%A0%20n%E1%BB%99i/@21.034237757142858,105.79004544285715,12.903218115394905z?hl=en","sân cầu lông cầu giấy hà nội",,"Cau Giay, Ha Noi","113 Trần Đăng Ninh",,"false","Wsport Shop Cầu Lông - Pickleball Chính Hãng quận Cầu Giấy","5","https://www.google.com/maps/search/?api=1&query=Wsport%20Shop%20C%E1%BA%A7u%20L%C3%B4ng%20-%20Pickleball%20Ch%C3%ADnh%20H%C3%A3ng%20qu%E1%BA%ADn%20C%E1%BA%A7u%20Gi%E1%BA%A5y&query_place_id=ChIJMRzeBBCrNTER-pfG_GYGJ1g","false","https://wsport.vn/"
,,,,,,,,,,,,,,,,,,,,,,,,,,,,,,,,,,,,,,,,,,,,,,,,,,,,,,,,,,,,,,,,,,,,,,,,,,,,,,,,,,,,,,,,,,,,,,,,,,,,,,,,,,,,,,,,,,,,,,,,,,,,,,,,,,,,,,,,,,,,,,,,,,,,,,,,,,,,,,,,,,,,,,,,,,,,,,,,,,,,,,,,,,,,,,,,,,,,,,,,,,,,,,,,,,,,,,,,,,,,,,,,,,,,,,,,,,,,,,,,"99 Ng. 2 Đ. Phan Bá Vành, Phú Diễn, Hà Nội, Vietnam","13633642881199576268","Badminton court",,,,,,,,,,"Badminton court",,,"11875951071947809031","Ha Noi","false","VN",,"0x313455e62a31e12b:0xa4cfda94155e6107",,,,,"https://lh3.googleusercontent.com/grass-cs/ACvplmMuzwmZIPpF4--xIVcIBxkc-qkyvGLP8aWWt76P-scq1-zaDxvJTxDh42GGZqEwbIyDqyA_xyIWo4KSBX8tY6q6C3nio9AdJtHbIoV7sQp9XhHcoZLlxlq9sFMeEQfzGC2ob5zO=w408-h306-k-no","24","false","/g/11vbjwq389","en",,"21.0482049","105.7732977",,"Phu Dien","Monday","5:30 AM to 11:30 PM","Tuesday","5:30 AM to 11:30 PM","Wednesday","5:30 AM to 11:30 PM","Thursday","5:30 AM to 11:30 PM","Friday","5:30 AM to 11:30 PM","Saturday","5:30 AM to 11:30 PM","Sunday","5:30 AM to 11:30 PM",,"false","+84 833 242 333","+84833242333","ChIJK-ExKuZVNDERB2FeFZTaz6Q",,,,,,"37",,"52","21","15","9","5","2","2026-10-05T20:00:22.232Z","https://www.google.com/maps/search/s%C3%A2n%20c%E1%BA%A7u%20l%C3%B4ng%20c%E1%BA%A7u%20gi%E1%BA%A5y%20h%C3%A0%20n%E1%BB%99i/@21.0445611,105.7377276,13.903118128833963z?hl=en","sân cầu lông cầu giấy hà nội",,"Phu Dien, Ha Noi","99 Ng. 2 Đ. Phan Bá Vành","Sân cầu lông CTA","false","Sân cầu lông CTA Badminton","3.7","https://www.google.com/maps/search/?api=1&query=S%C3%A2n%20c%E1%BA%A7u%20l%C3%B4ng%20CTA%20Badminton&query_place_id=ChIJK-ExKuZVNDERB2FeFZTaz6Q","false",
,,,"true",,,,,,,,,,,,,,,,,,,,,,,,,,,,,,,,,,,,,,,,,,,,,,,,,,,,,,,,,,,,,,,,,,,,,,,,,,,,,,,,,,,,,,,,,,,,,,,,,,,,,,,,,,,,,,,,,,,,,,,,,,,,,,,,,,,,,,,,,,,,,,,,,,,,,,,,,,,,,,,,,,,,,,,,,,,,,,,,,,,,,,,,,,,,,,,,,,,,,,,,,,,,,,,,,,,,,,,,,,,,,,,,,,,,,,,,,,,,,"113 Trần Đăng Ninh, Cầu Giấy, Hà Nội 100000, Vietnam","701957666321657524","Sportswear store",,,,,,,,,,"Sportswear store",,,"9111659627738733244","Ha Noi","false","VN",,"0x3135abc0e3f549d5:0x7e731e27e1a29abc",,,,,"https://lh3.googleusercontent.com/gps-cs-s/AHRPTWmpoBAiUStAhh7ZPxOsQ6MimD5WzlHcIMTsvpBLzXOYr-27RGJRisZZ_qevNT9CrvHPbkdOXznLs63kK-xkepev1ydiTqs_VQ6Ep7N3yvyknl0eLpNFSPL_SLqvMVh9zsng9weLJOf9mZFU=w408-h544-k-no","69","false","/g/11btp6nq3k","en",,"21.0377185","105.793485",,"Cau Giay","Monday","8 AM to 9 PM","Tuesday","8 AM to 9 PM","Wednesday","8 AM to 9 PM","Thursday","8 AM to 9 PM","Friday","8 AM to 9 PM","Saturday","8 AM to 9 PM","Sunday","8 AM to 9 PM",,"false","+84 981 831 994","+84981831994","ChIJ1Un148CrNTERvJqi4Scec34",,,,"100000",,"18",,"161","147","6","4","2","2","2026-10-05T20:00:22.262Z","https://www.google.com/maps/search/s%C3%A2n%20c%E1%BA%A7u%20l%C3%B4ng%20c%E1%BA%A7u%20gi%E1%BA%A5y%20h%C3%A0%20n%E1%BB%99i/@21.0370065,105.7916286,13.90319130405937z?hl=en","sân cầu lông cầu giấy hà nội",,"Cau Giay, Ha Noi","113 Trần Đăng Ninh","Shop Cầu Lông Wsport","false","Wsport badminton","4.8","https://www.google.com/maps/search/?api=1&query=Wsport%20badminton&query_place_id=ChIJ1Un148CrNTERvJqi4Scec34","false","https://wsport.vn/"
,,,,,,,,,,,,,,,,,,,,,,,,,,,,,,,,,,,,,,,,,,,,,,,,,,,,,,,,,,,,,,,,,,,,,,,,,,,,,,,,,,,,,,,,,,,,,,,,,,,,,,,,,,,,,,,,,,,,,,,,,,,,,,,,,,,,,,,,,,,,,,,,,,,,,,,,,,,,,,,,,,,,,,,,,,,,,,,,,,,,,,,,,,,,,,,,,,,,,,,,,,,,,,,,,,,,,,,,,,,,,,,,,,,,,,,,,,,,,,,,"31 P. Trần Bình, Từ Liêm, Hà Nội, Vietnam",,"Gym",,,,,,,,,,"Gym",,,"7920688460463886804","Ha Noi","true","VN",,"0x313455f51ccb5ba5:0x6debf0306e7c51d4",,,,,"https://lh3.googleusercontent.com/gps-cs-s/AHRPTWkIUS7KMOxoE9fqonTCzbKFCltGRgjTe4-9QAl1NIhMsrPEqF_0t0RGR2SFrOOayhpKAPbqHv12T-pXVSxxyzWA6jPqasNJkJJwFs9KKkJG_k4GW9QCW_gApXgYDgNkHUPF2tDa=w408-h725-k-no","4","false","/g/11stpj7_mr","en",,"21.0323413","105.7789699",,"Tu Liem","Monday","7 AM to 10 PM","Tuesday","7 AM to 10 PM","Wednesday","7 AM to 10 PM","Thursday","7 AM to 10 PM","Friday","7 AM to 10 PM","Saturday","7 AM to 10 PM","Sunday","7 AM to 10 PM",,"false","","","ChIJpVvLHPVVNDER1FF8bjDw620",,,,,,"19",,"6","3","1","1","1","0","2026-10-05T20:00:22.263Z","https://www.google.com/maps/search/s%C3%A2n%20c%E1%BA%A7u%20l%C3%B4ng%20c%E1%BA%A7u%20gi%E1%BA%A5y%20h%C3%A0%20n%E1%BB%99i/@21.0370065,105.7916286,13.90319130405937z?hl=en","sân cầu lông cầu giấy hà nội",,"Tu Liem, Ha Noi","31 P. Trần Bình",,"false","Sân thi đấu (cầu lông trong nhà). 31 HTM","3.8","https://www.google.com/maps/search/?api=1&query=S%C3%A2n%20thi%20%C4%91%E1%BA%A5u%20(c%E1%BA%A7u%20l%C3%B4ng%20trong%20nh%C3%A0).%2031%20HTM&query_place_id=ChIJpVvLHPVVNDER1FF8bjDw620","false",
,,,,,,,,,,,,,,,,,,,,,,,,,,,,,,,,,,,,,,,,,,,,,,,,,,,,,,,,,,,,,,,,,,,,,,,,,,,,,,,,,,,,,,,,,,,,,,,,,,,,,,,,,,,,,,,,,,,,,,,,,,,,,,,,,,,,,,,,,,,,,,,,,,,,,,,,,,,,,,,,,,,,,,,,,,,,,,,,,,,,,,,,,,,,,,,,,,,,,,,,,,,,,,,,,,,,,,,,,,,,,,,,,,,,,,,,,,,,,,,,"1 P. Trần Bình, Từ Liêm, Hà Nội 100000, Vietnam",,"Community center",,,,,,,,,,"Community center",,,"16027961648656269965","Ha Noi","true","VN",,"0x313454b5a74e0809:0xde6ec2331dbdc28d",,,,,"https://lh3.googleusercontent.com/gps-cs-s/AHRPTWnrgdOZo3qgO2S8ZDaGApEk1cRHaLtXLks53oLoQtM2XZK22kg2fm_-S5SfQK3LkX33RMUxekCDhPMSwmz3Oc0KX4BQZ5Kg73ZEXa2ii73D4B6op5xbeZhYU2qeke9MfogWb-QuPWpzzYbs=w408-h544-k-no","83","false","/g/11b7fbnnlm","en",,"21.0355855","105.7789746",,"Tu Liem","Monday","Open 24 hours","Tuesday","Open 24 hours","Wednesday","Open 24 hours","Thursday","Open 24 hours","Friday","Open 24 hours","Saturday","Open 24 hours","Sunday","Open 24 hours",,"false","","","ChIJCQhOp7VUNDERjcK9HTPCbt4",,,,"100000",,"20",,"207","114","45","8","33","7","2026-10-05T20:00:22.263Z","https://www.google.com/maps/search/s%C3%A2n%20c%E1%BA%A7u%20l%C3%B4ng%20c%E1%BA%A7u%20gi%E1%BA%A5y%20h%C3%A0%20n%E1%BB%99i/@21.0370065,105.7916286,13.90319130405937z?hl=en","sân cầu lông cầu giấy hà nội",,"Tu Liem, Ha Noi","1 P. Trần Bình","Nhà Văn Hóa Phường Mai Dịch","false","Mai Dịch Community Center","4.2","https://www.google.com/maps/search/?api=1&query=Mai%20D%E1%BB%8Bch%20Community%20Center&query_place_id=ChIJCQhOp7VUNDERjcK9HTPCbt4","true",
,,"true",,,,,,,"true",,,,,,,"true",,,,,,,"true",,,,,,,,,,,,,,,,,,,,,,,,,,,,,,,,,,,,,,,,,,,,,,,,,,,,,,,,,,,,,,,,,,,,,,,,,,,,,,,,,,,,,,,,,,,,,,,,,,,,,,,,,,,,,,,,,,,,,,,,,,,,,,,,,,,,,,,,,,,,,,,,,,,,,,,,,,,,,,,,,,,,,,,,,,,,,,,,,,,,,,,,,,,,,,,,,,,,,,,,,,,,,,,,,,,,,,,,,"272 Bưng Ông Thoàn, Quận 9, Tăng Nhơn Phú, Hồ Chí Minh 700000, Vietnam","1852829684303235319","Sporting goods store",,,,,,,,,,"Sporting goods store",,,"12707194609213304187","Ho Chi Minh","false","VN",,"0x317527f7040a34fb:0xb059062be5eaed7b",,,,,"https://lh3.googleusercontent.com/grass-cs/ACvplmPCJnJhuwjfkMQh4WCutSEN7Dre4GtPPD2D2fWrOwBP_-nb5BjkN8JU3mi-wFmRC6tYUJMRdRjiTdcJPWGF2GmsRhdFuUkAi91ImN4j7b0yiDaZIkyDcXU9itKgI8d6YLInQTCKJA=w408-h306-k-no","301","false","/g/11v5w20nfs","en",,"10.8304669","106.7853087",,"Quận 9, Tang Nhon Phu","Monday","9 AM to 9 PM","Tuesday","9 AM to 9 PM","Wednesday","9 AM to 9 PM","Thursday","9 AM to 9 PM","Friday","9 AM to 9 PM","Saturday","9 AM to 9 PM","Sunday","9 AM to 9 PM",,"false","+84 968 090 113","+84968090113","ChIJ-zQKBPcndTERe-3q5SsGWbA",,,,"700000",,"7",,"10","10","0","0","0","0","2026-10-05T20:01:19.468Z","https://www.google.com/maps/search/s%C3%A2n%20c%E1%BA%A7u%20l%C3%B4ng%20c%E1%BA%A7u%20gi%E1%BA%A5y%20h%C3%A0%20n%E1%BB%99i/@10.8046692,106.6478741,9.9768975678019z?hl=en","sân cầu lông cầu giấy hà nội",,"Tang Nhon Phu, Ho Chi Minh","272 Bưng Ông Thoàn",,"false","Siêu Thị Cầu Lông","5","https://www.google.com/maps/search/?api=1&query=Si%C3%AAu%20Th%E1%BB%8B%20C%E1%BA%A7u%20L%C3%B4ng&query_place_id=ChIJ-zQKBPcndTERe-3q5SsGWbA","false","https://sieuthicaulong.vn/"
,,,,,,,,,,,,,,,,,,,,,,,,,,,,,,,,,,,,,,,,,,"true",,,,,,,,,,,,,,,,,,,,,,,,,,,,,,,,,,,,,,,,,,,,,,,,,,,,,,,,,,,,,,,,,,,,,,,,,,,,,,,,,,,,,,,,,,,,,,,,,,,,,,,,,,,,,,,,,,,,,,,,,,,,,,,,,,,,,,,,,,,,,,,,,,,,,,,,,,,,,,,,,,,,,,,,,,,,,,,,,,,,,,,,,,,,,,,,,,,,,,"8 Ng. 89 Đ. Nguyễn Phong Sắc, Cầu Giấy, Hà Nội, Vietnam",,"Sports club",,,,,,,,,,"Sports club",,,"3773302665291562813","Ha Noi","true","VN",,"0x3135ab0009b92b13:0x345d76c842bcff3d",,,,,"https://lh3.googleusercontent.com/grass-cs/ACvplmMDq_YRPMiRTVT9BFTXCBjzv8UcvuC903vvLHh-v8E0PH4W49GQq9gg0ET77VYGUo7Zx1z6RCmJFI0uEL2uocLo303YcHSVnPOdxw_eUEoJfTVx2dphcxtNSoR3ofNGllNbbvVYA3Uoodtd=w408-h271-k-no","30","false","/g/11x7tfl7cx","en",,"21.0394771","105.7886279",,"Cau Giay","Monday","Closed","Tuesday","Closed","Wednesday","Closed","Thursday","Closed","Friday","Closed","Saturday","Open 24 hours","Sunday","Open 24 hours",,"false","","","ChIJEyu5CQCrNTERPf-8Qsh2XTQ",,,,,,"19",,"2","2","0","0","0","0","2026-10-05T20:01:19.738Z","https://www.google.com/maps/search/s%C3%A2n%20c%E1%BA%A7u%20l%C3%B4ng%20c%E1%BA%A7u%20gi%E1%BA%A5y%20h%C3%A0%20n%E1%BB%99i/@21.0855836,105.7701132,12.90272027468509z?hl=en","sân cầu lông cầu giấy hà nội",,"Cau Giay, Ha Noi","8 Ng. 89 Đ. Nguyễn Phong Sắc",,"false","Sân Pickleball","5","https://www.google.com/maps/search/?api=1&query=S%C3%A2n%20Pickleball&query_place_id=ChIJEyu5CQCrNTERPf-8Qsh2XTQ","false",
,,,,,,,,,,,,,,,,,,,,,,,,,,,,,,,,,,,,,,,,,,,,,,,,,,,,,,,,,,,,,,,,,,,,,,,,,,,,,,,,,,,,,,,,,,,,,,,,,,,,,,,,,,,,,,,,,,,,,,,,,,,,,,,,,,,,,,,,,,,,,,,,,,,,,,,,,,,,,,,,,,,,,,,,,,,,,,,,,,,,,,,,,,,,,,,,,,,,,,,,,,,,,,,,,,,,,,,,,,,,,,,,,,,,,,,,,,,,,,,,"201 Đ. Cầu Diễn, Xuân Phương, Hà Nội, Vietnam",,"Badminton court",,,,,,,,,,"Badminton court",,,"812302260655180324","Ha Noi","true","VN",,"0x3134550072b954cb:0xb45e09a30994a24",,,,,"https://lh3.googleusercontent.com/gps-cs-s/ANWiy9QubCsjOaBLRpLdnpz28ijR1U7rz2JQC_MBbMq6tyfjWNCDthm8ZofjYNTWeIBvTzYk_XIoGEi3Teqnq-0e9x6jo1MXIwJQVORgbgL4bmKS-6bEbrVX5sgpHzs6uBh-kz1aaVSzyoA6KVTk=w408-h275-k-no","5","false","/g/11zh0jvjjn","en",,"21.0455727","105.7474429",,"Xuan Phuong","Monday","Open 24 hours","Tuesday","Open 24 hours","Wednesday","Open 24 hours","Thursday","Open 24 hours","Friday","Open 24 hours","Saturday","Open 24 hours","Sunday","Open 24 hours",,"false","","","ChIJy1S5cgBVNDERJEqZMJrgRQs",,,,,,"5",,"10","9","0","1","0","0","2026-10-05T20:02:09.261Z","https://www.google.com/maps/search/s%C3%A2n%20c%E1%BA%A7u%20l%C3%B4ng%20c%E1%BA%A7u%20gi%E1%BA%A5y%20h%C3%A0%20n%E1%BB%99i/@21.0482049,105.7732977,14.903082824033081z?hl=en","sân cầu lông cầu giấy hà nội",,"Xuan Phuong, Ha Noi","201 Đ. Cầu Diễn",,"false","Sân Cầu Lông TTBC Cầu Diễn","4.6","https://www.google.com/maps/search/?api=1&query=S%C3%A2n%20C%E1%BA%A7u%20L%C3%B4ng%20TTBC%20C%E1%BA%A7u%20Di%E1%BB%85n&query_place_id=ChIJy1S5cgBVNDERJEqZMJrgRQs","true",
,,,,,,,,,,,,,,,,,,,,,,,,,,,,,,,,,,,,,,,,,,"true",,,,,,,,,,,,,,,,,,,,,,,,,,,,,,,,,,,,,,,,,,,,,,,,,,,,,,,,,,,,,,,,,,,,,,,,,,,,,,,,,,,,,,,,,,,,,,,,,,,,,,,,,,,,,,,,,,,,,,,,,,,,,,,,,,,,,,,,,,,,,,,,,,,,,,,,,,,,,,,,,,,,,,,,,,,,,,,,,,,,,,,,,,,,,,,,,,,,,,"2QVV+9P5, Khu tập thể Nghĩa Tân, Nghĩa Đô, Hà Nội, Vietnam",,"Stadium",,,,,,,,,,"Stadium",,,"1807932581092091911","Ha Noi","true","VN",,"0x3135ab3a73aaaaab:0x1917111a89d96807",,,,,"https://lh3.googleusercontent.com/gps-cs-s/AHRPTWm88_JaoiK1ePPd3DPFwENHM2-k07l0ErA5dGY-jALTqz_yAzQdtoid4NaubQfh67izr6Maa6UwAH6R4XkR7NKyJ7CqOU-4LWeu3FfWJBjus6EpFEn5HoQUhKEIL3dcJEPDtKZVz3Ul3Lum=w408-h544-k-no","103","false","/g/11sskrbllv","en",,"21.0433908","105.7943572",,"Khu tập thể Nghĩa Tân, Nghia Do",,,,,,,,,,,,,,,,"false","","","ChIJq6qqczqrNTERB2jZiRoRFxk",,,,,,"21",,"28","14","6","1","7","0","2026-10-05T20:02:11.675Z","https://www.google.com/maps/search/s%C3%A2n%20c%E1%BA%A7u%20l%C3%B4ng%20c%E1%BA%A7u%20gi%E1%BA%A5y%20h%C3%A0%20n%E1%BB%99i/@21.0482049,105.7732977,14.903082824033081z?hl=en","sân cầu lông cầu giấy hà nội",,"Nghia Do, Ha Noi","2QVV+9P5",,"false","Sân vận động Nghĩa Tân","4.1","https://www.google.com/maps/search/?api=1&query=S%C3%A2n%20v%E1%BA%ADn%20%C4%91%E1%BB%99ng%20Ngh%C4%A9a%20T%C3%A2n&query_place_id=ChIJq6qqczqrNTERB2jZiRoRFxk",,
,,,,,,,,,,,,,,,,,,,,,,,,,,,,,,,,,,,,,,,,,,,,,,,,,,,,,,,,,,,,,,,,,,,,,,,,,,,,,,,,,,,,,,,,,,,,,,,,,,,,,,,,,,,,,,,,,,,,,,,,,,,,,,,,,,,,,,,,,,,,,,,,,,,,,,,,,,,,,,,,,,,,,,,,,,,,,,,,,,,,,,,,,,,,,,,,,,,,,,,,,,,,,,,,,,,,,,,,,,,,,,,,,,,,,,,,,,,,,,,,"Đường Phú Diễn, Đông Ngạc, Hà Nội 100000, Vietnam","1697388772047084734","Badminton court",,,,,,,,,,"Badminton court",,,"8341988897470485416","Ha Noi","false","VN",,"0x313455f4f0009137:0x73c4b2b459fb13a8",,,,,"https://lh3.googleusercontent.com/gps-cs-s/AHRPTWnETtczhfxurKNguwLLFlkzRiJOcw5N00MjXs6cP4fKO_HXAMPqUYhFMDV2LqUcbp6cUOZBTiiYdY3xOsxTlFTC7V3-U-T9mGvRtI1VxZ-5-t-G5dF9csoRy2YEFlrWPq68tkR6oKhaGL47=w408-h306-k-no","11","false","/g/11zd79z21w","en",,"21.0621137","105.7603901",,"Dong Ngac",,,,,,,,,,,,,,,,"false","+84 965 305 248","+84965305248","ChIJN5EA8PRVNDERqBP7WbSyxHM",,,,"100000",,"24",,"18","8","2","5","3","0","2026-10-05T20:02:11.675Z","https://www.google.com/maps/search/s%C3%A2n%20c%E1%BA%A7u%20l%C3%B4ng%20c%E1%BA%A7u%20gi%E1%BA%A5y%20h%C3%A0%20n%E1%BB%99i/@21.0482049,105.7732977,14.903082824033081z?hl=en","sân cầu lông cầu giấy hà nội",,"Dong Ngac, Ha Noi","Đường Phú Diễn",,"false","Maxping Baminton Phú Diễn","3.4","https://www.google.com/maps/search/?api=1&query=Maxping%20Baminton%20Ph%C3%BA%20Di%E1%BB%85n&query_place_id=ChIJN5EA8PRVNDERqBP7WbSyxHM",,"https://www.facebook.com/profile.php?id=61591937063016"
,,,,,,,,,,,,,,,,,,,,,,,,,,,,,,,,,,,,,,,,,,,,,,,,,,,,,,,,,,,,,,,,,,,,,,,,,,,,,,,,,,,,,,,,,,,,,,,,,,,,,,,,,,,,,,,,,,,,,,,,,,,,,,,,,,,,,,,,,,,,,,,,,,,,,,,,,,,,,,,,,,,,,,,,,,,,,,,,,,,,,,,,,,,,,,,,,,,,,,,,,,,,,,,,,,,,,,,,,,,,,,,,,,,,,,,,,,,,,,,,"2QRP+Q43, P. Trần Quốc Hoàn, Street, Nghĩa Đô, Hà Nội, Vietnam",,"Badminton complex",,,,,,,,,,"Badminton complex",,,"17222498566710489993","Ha Noi","true","VN",,"0x3135ab34634c6edd:0xef029b329d73f389",,,,,"https://streetviewpixels-pa.googleapis.com/v1/thumbnail?panoid=PXch4W6QOz1JkbA4Cd2dAA&cb_client=search.gws-prod.gps&w=408&h=240&yaw=52.770397&pitch=0&thumbfov=100","1","false","/g/11b6d500z2","en",,"21.041879","105.7853043",,"Street, Nghia Do",,,,,,,,,,,,,,,,"false","","","ChIJ3W5MYzSrNTERifNznTKbAu8",,,,,,"26",,,,,,,,"2026-10-05T20:02:11.675Z","https://www.google.com/maps/search/s%C3%A2n%20c%E1%BA%A7u%20l%C3%B4ng%20c%E1%BA%A7u%20gi%E1%BA%A5y%20h%C3%A0%20n%E1%BB%99i/@21.0482049,105.7732977,14.903082824033081z?hl=en","sân cầu lông cầu giấy hà nội",,"Nghia Do, Ha Noi","2QRP+Q43, P. Trần Quốc Hoàn",,"false","Union Ministry Of Foreign Affairs Tennis Court",,"https://www.google.com/maps/search/?api=1&query=Union%20Ministry%20Of%20Foreign%20Affairs%20Tennis%20Court&query_place_id=ChIJ3W5MYzSrNTERifNznTKbAu8",,
,,,,,,,,,,,,,,,,,,,,,,,,,,,,,,,,,,,,,,,,,,"true",,,,,,,,,,,,,,,,,,,,,,,,,,,,,,,,,,,,,,,,,,,,,,,,,,,,,,,,,,,,,,,,,,,,,,,,,,,,,,,,,,,,,,,,,,,,,,,,,,,,,,,,,,,,,,,,,,,,,,,,,,,,,,,,,,,,,,,,,,,,,,,,,,,,,,,,,,,,,,,,,,,,,,,,,,,,,,,,,,,,,,,,,,,,,,,,,,,,,,"96 P. Chùa Hà, Làng Quốc tế Thăng Long, Nghĩa Đô, Hà Nội, Vietnam",,"Community center",,,,,,,,,,"Community center",,,"15381567631261206965","Ha Noi","true","VN",,"0x3135ab39cfa4a56f:0xd5764e43fdf889b5",,,,,"https://lh3.googleusercontent.com/gps-cs-s/AHRPTWmyGdGS4Jc2vHjaFyXY2V7ZpLF3oAmJKuPSPGoqCRcJud0Ai6LTGQvsAoegieBOaKa_kM5qg0sgzvBl4vccZJA-TVSdpz2VKKVC7QkAl3Kr3u98m8OAkMz4zOAyoqNQaYARDEgw=w408-h306-k-no","620","false","/g/11btrs1wz5","en",,"21.0393932","105.7949485",,"Làng Quốc tế Thăng Long, Nghia Do","Monday","9 AM to 5 PM","Tuesday","9 AM to 5 PM","Wednesday","9 AM to 5 PM","Thursday","9 AM to 5 PM","Friday","9 AM to 5 PM","Saturday","9 AM to 5 PM","Sunday","9 AM to 5 PM",,"false","+84 24 3793 2632","+842437932632","ChIJb6WkzzmrNTERtYn4_UNOdtU",,,,,,"28",,"67","34","16","1","10","6","2026-10-05T20:02:11.675Z","https://www.google.com/maps/search/s%C3%A2n%20c%E1%BA%A7u%20l%C3%B4ng%20c%E1%BA%A7u%20gi%E1%BA%A5y%20h%C3%A0%20n%E1%BB%99i/@21.0482049,105.7732977,14.903082824033081z?hl=en","sân cầu lông cầu giấy hà nội",,"Nghia Do, Ha Noi","96 P. Chùa Hà",,"false","Nhà Văn Hóa Phường Dịch Vọng","4.1","https://www.google.com/maps/search/?api=1&query=Nh%C3%A0%20V%C4%83n%20H%C3%B3a%20Ph%C6%B0%E1%BB%9Dng%20D%E1%BB%8Bch%20V%E1%BB%8Dng&query_place_id=ChIJb6WkzzmrNTERtYn4_UNOdtU","false",
,,,,,,,,,,,,,,,,,,,,,,,,,,,,,,,,,,,,,,,,,,,,,,,,,,,,,,,,,,,,,,,,,,,,,,,,,,,,,,,,,,,,,,,,,,,,,,,,,,,,,,,,,,,,,,,,,,,,,,,,,,,,,,,,,,,,,,,,,,,,,,,,,,,,,,,,,,,,,,,,,,,,,,,,,,,,,,,,,,,,,,,,,,,,,,,,,,,,,,,,,,,,,,,,,,,,,,,,,,,,,,,,,,,,,,,,,,,,,,,,"01 Trần Quốc Vượng, làng Vòng, Cầu Giấy, Hà Nội 10000, Vietnam","16034938967262750842","Running store","Athletic club","Badminton club","Outdoor sports store","Sportswear store",,,,,,"Running store",,,"14699411046049253666","Ha Noi","false","VN",,"0x3135ab8b0741e55b:0xcbfecc772f380922",,,,,"https://lh3.googleusercontent.com/grass-cs/AABkmLdd1y5PZ73GIiE3aYKsSRGiIzsXhTw1WId-d4TOUr3TRQw7b_b8r5KlF80z1Esl4vUeKdKjlkaJP2gqyeocRSdzGu4HITATWlrRU3iyEBYWTptAMo8kFzDXt_0pze23l8okxyj3=w408-h306-k-no","27","false","/g/11gmgjlkfp","en",,"21.0361468","105.7868115",,"làng Vòng, Cau Giay","Monday","8 AM to 9 PM","Tuesday","8 AM to 9 PM","Wednesday","8 AM to 9 PM","Thursday","8 AM to 9 PM","Friday","8 AM to 9 PM","Saturday","8 AM to 9 PM","Sunday","8 AM to 8 PM",,"false","+84 375 207 267","+84375207267","ChIJW-VBB4urNTERIgk4L3fM_ss",,,,"10000",,"18",,"150","121","10","17","2","0","2026-10-05T20:02:27.117Z","https://www.google.com/maps/search/s%C3%A2n%20c%E1%BA%A7u%20l%C3%B4ng%20c%E1%BA%A7u%20gi%E1%BA%A5y%20h%C3%A0%20n%E1%BB%99i/@21.041879,105.7853043,15.903144111437454z?hl=en","sân cầu lông cầu giấy hà nội",,"Cau Giay, Ha Noi","01 Trần Quốc Vượng","VNB Sports - Hệ thống cửa hàng cầu lông, tennis, pickleball","false","VNB shop","4.5","https://www.google.com/maps/search/?api=1&query=VNB%20shop&query_place_id=ChIJW-VBB4urNTERIgk4L3fM_ss","false","https://shopvnb.com/"
,,,,,,,,,,,,,,,,,,,,,,,,,,,,,,,,,,,,,,,,,,,,,,,,,,,,,,,,,,,,,,,,,,,,,,,,,,,,,,,,,,,,,,,,,,,,,,,,,,,,,,,,,,,,,,,,,,,,,,,,,,,,,,,,,,,,,,,,,,,,,,,,,,,,,,,,,,,,,,,,,,,,,,,,,,,,,,,,,,,,"true",,,,,,,,,,,,,,,,,,,,,,,,,,,,,,,,,,,,,,,,,,,,,,,,,,,,,,,,,,,,"Tu Liem, Đ. CN 3, Xuân Phương, Hà Nội, Vietnam","10874513626483713659","Badminton court",,,,,,,,,,"Badminton court",,,"7859063102336466458","Ha Noi","false","VN",,"0x313455f2b92086f9:0x6d110040a224fe1a",,,,,"https://lh3.googleusercontent.com/gps-cs-s/AHRPTWlsFN7tQ8cdxHatfcZZ3b8lPvYZe02Xzhno3cFNbFQURdaO9WNuXaasWX4nlj-CB3Irxl0Khc14LNMwQAz6cvla8YZaRIxo1IsBTGOjvllKsP8h7ww6AdRlvITIk5Mz6Q0ZFisU=w408-h544-k-no","64","false","/g/11l5k_28b9","en",,"21.0461025","105.7412786",,"Xuan Phuong","Monday","Open 24 hours","Tuesday","Open 24 hours","Wednesday","Open 24 hours","Thursday","Open 24 hours","Friday","Open 24 hours","Saturday","Open 24 hours","Sunday","Open 24 hours",,"false","+84 355 566 693","+84355566693","ChIJ-YYgufJVNDERGv4kokAAEW0",,,,,,"12",,"89","49","19","14","7","0","2026-10-05T20:02:27.237Z","https://www.google.com/maps/search/s%C3%A2n%20c%E1%BA%A7u%20l%C3%B4ng%20c%E1%BA%A7u%20gi%E1%BA%A5y%20h%C3%A0%20n%E1%BB%99i/@21.0621137,105.7603901,15.902947999990806z?hl=en","sân cầu lông cầu giấy hà nội",,"Xuan Phuong, Ha Noi","Tu Liem, Đ. CN 3",,"false","Sân cầu lông US Badminton Trịnh Văn Bô","4","https://www.google.com/maps/search/?api=1&query=S%C3%A2n%20c%E1%BA%A7u%20l%C3%B4ng%20US%20Badminton%20Tr%E1%BB%8Bnh%20V%C4%83n%20B%C3%B4&query_place_id=ChIJ-YYgufJVNDERGv4kokAAEW0","true",
,,,,,,,,,,,,,,,,,,,,,,,,,,,,,,,,,,,,,,,,,,,,,,,,,,,,,,,,,,,,,,,,,,,,,,,,,,,,,,,,,,,,,,,,,,,,,,,,,,,,,,,,,,,,,,,,,,,,,,,,,,,,,,,,,,,,,,,,,,,,,,,,,,,,,,,,,,,,,,,,,,,,,,,,,,,,,,,,,,,,,,,,,,,,,,,,,,,,,,,,,,,,,,,,,,,,,,,,,,,,,,,,,,,,,,,,,,,,,,,,"37 P. Dịch Vọng, Cầu Giấy, Hà Nội, Vietnam",,"Badminton club",,,,,,,,,,"Badminton club",,,"420403831600565408","Ha Noi","true","VN",,"0x3135ab60f106a9f3:0x5d5930eb4c3cca0",,,,,"https://streetviewpixels-pa.googleapis.com/v1/thumbnail?panoid=ZJTnrc1tLxw7vVaxkPZSwA&cb_client=search.gws-prod.grass&w=408&h=240&yaw=197.1559&pitch=0&thumbfov=100","1","false","/g/11stszf10l","en",,"21.0315673","105.7945442",,"Cau Giay",,,,,,,,,,,,,,,,"false","+84 333 995 504","+84333995504","ChIJ86kG8WCrNTERoMzDtA6T1QU",,,,,,"18",,,,,,,,"2026-10-05T20:02:30.961Z","https://www.google.com/maps/search/s%C3%A2n%20c%E1%BA%A7u%20l%C3%B4ng%20c%E1%BA%A7u%20gi%E1%BA%A5y%20h%C3%A0%20n%E1%BB%99i/@21.0361468,105.7868115,16.90319962944476z?hl=en","sân cầu lông cầu giấy hà nội",,"Cau Giay, Ha Noi","37 P. Dịch Vọng",,"false","DIC Sports",,"https://www.google.com/maps/search/?api=1&query=DIC%20Sports&query_place_id=ChIJ86kG8WCrNTERoMzDtA6T1QU",,
,,"false",,,,,,,,,,,,,,,,,,,,,,,,,,,,,,,,,,,,,,,,,,,,,,,,,,,,,,,,,,,,,,,,,,,,,,,,,,,,,,,,,,,,,,,,,,,,,,,,,,,,,,,,,,,,,,,,,,,,,,,,,,,,,,,,,,,,,,,,,,,,,,,,,,,,,,,,,,,,,,,,,,,,,,,,,,,,,,,,,,,,,,,,,,,,,,,,,,,,,,,,,,,,,,,,,,,,,,,,,,,,,,,,,,,,,,,,,,,,,,"20 Ng. 165 Đ. Cầu Giấy, Cầu Giấy, Hà Nội, Vietnam",,"Swimming pool",,,,,,,,,,"Swimming pool",,,"17826896004924497977","Ha Noi","true","VN",,"0x3135ab47273770f7:0xf765db772d5ae039",,,,,"https://lh3.googleusercontent.com/gps-cs-s/AHRPTWnNhKTY57ORF4e49I4b0Ge25vYJK3Sf6o1qUBfysJVkFk41EoKOgbdaMsNBOnw9sFrqrcar5eueyAtWV5lW6csxN5XA-OfgX_jD63m5Hc2_YtwYnn8v13qUNeCmMTRazBZrvF8=w408-h306-k-no","356","false","/g/1vc69wmb","en",,"21.0318547","105.7979697",,"Cau Giay","Monday","Open 24 hours","Tuesday","Open 24 hours","Wednesday","Open 24 hours","Thursday","Open 24 hours","Friday","Open 24 hours","Saturday","Open 24 hours","Sunday","Open 24 hours",,"false","+84 24 3833 0221","+842438330221","ChIJ93A3J0erNTEROeBaLXfbZfc",,,,,,"14",,"157","59","48","14","29","7","2026-10-05T20:02:38.701Z","https://www.google.com/maps/search/s%C3%A2n%20c%E1%BA%A7u%20l%C3%B4ng%20c%E1%BA%A7u%20gi%E1%BA%A5y%20h%C3%A0%20n%E1%BB%99i/@21.0315673,105.7945442,17.90324397130946z?hl=en","sân cầu lông cầu giấy hà nội",,"Cau Giay, Ha Noi","20 Ng. 165 Đ. Cầu Giấy",,"false","Sân Tennis - Bể bơi Quan Hoa","3.8","https://www.google.com/maps/search/?api=1&query=S%C3%A2n%20Tennis%20-%20B%E1%BB%83%20b%C6%A1i%20Quan%20Hoa&query_place_id=ChIJ93A3J0erNTEROeBaLXfbZfc","true",
